#
# A fatal error has been detected by the Java Runtime Environment:
#
#  EXCEPTION_ACCESS_VIOLATION (0xc0000005) at pc=0x000001f1e4ecda6a, pid=33352, tid=21712
#
# JRE version: Java(TM) SE Runtime Environment (17.0.19+9) (build 17.0.19+9-LTS-183)
# Java VM: Java HotSpot(TM) 64-Bit Server VM (17.0.19+9-LTS-183, mixed mode, sharing, tiered, compressed oops, compressed class ptrs, g1 gc, windows-amd64)
# Problematic frame:
# J 136 c2 java.lang.String.equals(Ljava/lang/Object;)Z java.base@17.0.19 (56 bytes) @ 0x000001f1e4ecda6a [0x000001f1e4ecda00+0x000000000000006a]
#
# No core dump will be written. Minidumps are not enabled by default on client versions of Windows
#
# If you would like to submit a bug report, please visit:
#   https://bugreport.java.com/bugreport/crash.jsp
#

---------------  S U M M A R Y ------------

Command Line: -javaagent:D:\\wn\\multi_evo_py\\My_Mutil_Agent\\My_Mutil_Agent\\java_workspace\\.m2\\repository\\org\\jacoco\\org.jacoco.agent\\0.8.8\\org.jacoco.agent-0.8.8-runtime.jar=destfile=D:\\wn\\multi_evo_py\\My_Mutil_Agent\\My_Mutil_Agent\\java_workspace\\target\\jacoco.exec -Dfile.encoding=UTF-8 -Xmx2048m -Xms512m C:\Users\VR_admin\AppData\Local\Temp\surefire6773605977536573413\surefirebooter-20260829164445385_3.jar C:\Users\VR_admin\AppData\Local\Temp\surefire6773605977536573413 2026-08-29T16-44-45_195-jvmRun1 surefire-20260829164445385_1tmp surefire_0-20260829164445385_2tmp

Host: Intel(R) Core(TM) Ultra 9 285K, 24 cores, 63G,  Windows 11 , 64 bit Build 26100 (10.0.26100.9168)
Time: Sat Aug 29 16:44:46 2026  Windows 11 , 64 bit Build 26100 (10.0.26100.9168) elapsed time: 0.675894 seconds (0d 0h 0m 0s)

---------------  T H R E A D  ---------------

Current thread (0x000001f1d4414130):  JavaThread "main" [_thread_in_Java, id=21712, stack(0x00000022e9f00000,0x00000022ea000000)]

Stack: [0x00000022e9f00000,0x00000022ea000000],  sp=0x00000022e9ffbfa0,  free space=1007k
Native frames: (J=compiled Java code, j=interpreted, Vv=VM code, C=native code)
C  0x000001f1e4ecda6a


siginfo: EXCEPTION_ACCESS_VIOLATION (0xc0000005), reading address 0x000000000000000c


Registers:
RAX=0x000001f18042f1a8, RBX=0x000001f18042f1a8, RCX=0x000000009d9139a0, RDX=0x000000009d9139a0
RSP=0x00000022e9ffbfa0, RBP=0x0000000000000000, RSI=0x0000000000000110, RDI=0x00000000000011ca
R8 =0x000000009d9139b8, R9 =0x00000000000000dc, R10=0x0000000000000000, R11=0x0000000000000000
R12=0x0000000000000000, R13=0x00000022e9ffbfe8, R14=0x0000000000000000, R15=0x000001f1d4414130
RIP=0x000001f1e4ecda6a, EFLAGS=0x0000000000010246


Register to memory mapping:

RIP=0x000001f1e4ecda6a is at entry_point+106 in (nmethod*)0x000001f1e4ecd890
Compiled method (c2)     678  136       4       java.lang.String::equals (56 bytes)
 total in heap  [0x000001f1e4ecd890,0x000001f1e4ecdc58] = 968
 relocation     [0x000001f1e4ecd9e8,0x000001f1e4ecda00] = 24
 main code      [0x000001f1e4ecda00,0x000001f1e4ecdbc0] = 448
 stub code      [0x000001f1e4ecdbc0,0x000001f1e4ecdbd8] = 24
 metadata       [0x000001f1e4ecdbd8,0x000001f1e4ecdbe8] = 16
 scopes data    [0x000001f1e4ecdbe8,0x000001f1e4ecdc10] = 40
 scopes pcs     [0x000001f1e4ecdc10,0x000001f1e4ecdc50] = 64
 dependencies   [0x000001f1e4ecdc50,0x000001f1e4ecdc58] = 8
RAX={method} {0x000001f18042f1b0} 'equals' '(Ljava/lang/Object;)Z' in 'java/lang/String'
RBX={method} {0x000001f18042f1b0} 'equals' '(Ljava/lang/Object;)Z' in 'java/lang/String'
RCX=0x000000009d9139a0 is an oop: java.lang.String 
{0x000000009d9139a0} - klass: 'java/lang/String'
 - string: ""
RDX=0x000000009d9139a0 is an oop: java.lang.String 
{0x000000009d9139a0} - klass: 'java/lang/String'
 - string: ""
RSP=0x00000022e9ffbfa0 is pointing into the stack for thread: 0x000001f1d4414130
RBP=0x0 is NULL
RSI=0x0000000000000110 is an unknown value
RDI=0x00000000000011ca is an unknown value
R8 =0x000000009d9139b8 is an oop: [B 
{0x000000009d9139b8} - klass: {type array byte}
 - length: 0
R9 =0x00000000000000dc is an unknown value
R10=0x0 is NULL
R11=0x0 is NULL
R12=0x0 is NULL
R13=0x00000022e9ffbfe8 is pointing into the stack for thread: 0x000001f1d4414130
R14=0x0 is NULL
R15=0x000001f1d4414130 is a thread


Top of Stack: (sp=0x00000022e9ffbfa0)
0x00000022e9ffbfa0:   00000022e9ffbfa0 000001f1f67d5538
0x00000022e9ffbfb0:   00000022e9ffbff0 000001f1f67d5608
0x00000022e9ffbfc0:   0000000000000000 000000009eff5128
0x00000022e9ffbfd0:   00000022e9ffc040 000001f1e4779604
0x00000022e9ffbfe0:   000001f1e4779604 000000009edc70a8
0x00000022e9ffbff0:   000000009d9139a0 00000022e9ffbff8
0x00000022e9ffc000:   000001f1f67d53a3 00000022e9ffc060
0x00000022e9ffc010:   000001f1f67d5608 0000000000000000
0x00000022e9ffc020:   000000009eff5128 000001f1f67d53d0
0x00000022e9ffc030:   00000022e9ffbfe8 00000022e9ffc058
0x00000022e9ffc040:   00000022e9ffc0b0 000001f1e4779604
0x00000022e9ffc050:   000000009eff5330 000000009edc70a8
0x00000022e9ffc060:   000000009d9139a0 00000022e9ffc068
0x00000022e9ffc070:   000001f1f67efcf6 00000022e9ffc0d8
0x00000022e9ffc080:   000001f1f67f0068 0000000000000000
0x00000022e9ffc090:   000000009ec0e958 000001f1f67efd48 

Instructions: (pc=0x000001f1e4ecda6a)
0x000001f1e4ecd96a:   ec e4 f1 01 00 00 20 da ec e4 f1 01 00 00 00 da
0x000001f1e4ecd97a:   ec e4 f1 01 00 00 30 03 00 00 ff ff ff ff 70 01
0x000001f1e4ecd98a:   00 00 30 03 00 00 48 03 00 00 48 03 00 00 00 00
0x000001f1e4ecd99a:   00 00 80 03 00 00 c0 03 00 00 c8 03 00 00 c8 03
0x000001f1e4ecd9aa:   00 00 c8 03 00 00 c8 03 00 00 c8 03 00 00 c8 03
0x000001f1e4ecd9ba:   00 00 20 00 00 00 88 00 00 00 04 00 00 00 00 00
0x000001f1e4ecd9ca:   00 00 02 00 00 00 00 00 00 00 00 00 00 00 e0 01
0x000001f1e4ecd9da:   00 00 02 00 00 00 ff ff ff ff ff ff ff ff 14 60
0x000001f1e4ecd9ea:   01 f0 2e cc 0b b1 32 64 18 64 4f f0 05 80 11 64
0x000001f1e4ecd9fa:   13 00 00 64 0f 64 44 8b 52 08 49 bb 00 00 00 80
0x000001f1e4ecda0a:   f1 01 00 00 4d 03 d3 49 3b c2 0f 85 66 f0 8e ff
0x000001f1e4ecda1a:   66 90 0f 1f 40 00 89 84 24 00 90 ff ff 55 48 83
0x000001f1e4ecda2a:   ec 30 49 3b d0 0f 84 26 01 00 00 4d 85 c0 0f 84
0x000001f1e4ecda3a:   05 01 00 00 45 8b 58 08 41 81 fb d8 e9 00 00 0f
0x000001f1e4ecda4a:   85 35 01 00 00 44 0f be 5a 10 41 0f be 68 10 44
0x000001f1e4ecda5a:   3b dd 0f 85 07 01 00 00 45 8b 50 14 44 8b 42 14
0x000001f1e4ecda6a:   45 8b 5a 0c 41 8b 48 0c 41 3b cb 0f 85 c8 00 00
0x000001f1e4ecda7a:   00 4d 8b da 49 8d 72 10 4d 8b d0 49 8d 78 10 85
0x000001f1e4ecda8a:   c9 0f 84 9d 00 00 00 8b c1 83 e0 1f 83 e1 e0 0f
0x000001f1e4ecda9a:   84 4b 00 00 00 48 8d 3c 0f 48 8d 34 0e 48 f7 d9
0x000001f1e4ecdaaa:   c5 fe 6f 0c 0f c5 fe 6f 04 0e c5 f5 ef c8 c4 e2
0x000001f1e4ecdaba:   7d 17 c9 0f 85 72 00 00 00 48 83 c1 20 75 e1 85
0x000001f1e4ecdaca:   c0 0f 84 5d 00 00 00 c5 fe 6f 4c 07 e0 c5 fe 6f
0x000001f1e4ecdada:   44 06 e0 c5 f5 ef c8 c4 e2 7d 17 c9 75 4d eb 44
0x000001f1e4ecdaea:   8b c8 83 e1 fc 74 19 48 8d 3c 0f 48 8d 34 0e 48
0x000001f1e4ecdafa:   f7 d9 8b 1c 0f 3b 1c 0e 75 31 48 83 c1 04 75 f2
0x000001f1e4ecdb0a:   a8 02 74 12 0f b7 1f 0f b7 0e 3b d9 75 1d 48 8d
0x000001f1e4ecdb1a:   7f 02 48 8d 76 02 a8 01 74 0a 0f b6 1f 0f b6 0e
0x000001f1e4ecdb2a:   3b d9 75 07 b8 01 00 00 00 eb 02 33 c0 c5 f5 ef
0x000001f1e4ecdb3a:   c9 c5 fd ef c0 85 c0 75 1f 33 c0 c5 f8 77 48 83
0x000001f1e4ecdb4a:   c4 30 5d 49 3b a7 40 03 00 00 0f 87 42 00 00 00
0x000001f1e4ecdb5a:   c3 b8 01 00 00 00 eb e3 b8 01 00 00 00 eb dc 48 


Stack slot to memory mapping:
stack at sp + 0 slots: 0x00000022e9ffbfa0 is pointing into the stack for thread: 0x000001f1d4414130
stack at sp + 1 slots: 0x000001f1f67d5538 is pointing into metadata
stack at sp + 2 slots: 0x00000022e9ffbff0 is pointing into the stack for thread: 0x000001f1d4414130
stack at sp + 3 slots: 0x000001f1f67d5608 is pointing into metadata
stack at sp + 4 slots: 0x0 is NULL
stack at sp + 5 slots: 0x000000009eff5128 is an oop: java.lang.Class 
{0x000000009eff5128} - klass: 'java/lang/Class'
 - ---- fields (total size 15 words):
 - private volatile transient 'classRedefinedCount' 'I' @12  0
 - private volatile transient 'cachedConstructor' 'Ljava/lang/reflect/Constructor;' @40  NULL (0)
 - private transient 'name' 'Ljava/lang/String;' @44  "org.junit.jupiter.api.AssertionUtils"{0x000000009eff51b0} (9eff51b0)
 - private transient 'module' 'Ljava/lang/Module;' @48  a 'java/lang/Module'{0x000000009d9008e8} (9d9008e8)
 - private final 'classLoader' 'Ljava/lang/ClassLoader;' @52  a 'jdk/internal/loader/ClassLoaders$AppClassLoader'{0x000000009d900000} (9d900000)
 - private transient 'classData' 'Ljava/lang/Object;' @56  NULL (0)
 - private transient 'packageName' 'Ljava/lang/String;' @60  "org.junit.jupiter.api"{0x000000009d9bdbe8} (9d9bdbe8)
 - private final 'componentType' 'Ljava/lang/Class;' @64  NULL (0)
 - private volatile transient 'reflectionData' 'Ljava/lang/ref/SoftReference;' @68  NULL (0)
 - private volatile transient 'genericInfo' 'Lsun/reflect/generics/repository/ClassRepository;' @72  NULL (0)
 - private volatile transient 'enumConstants' '[Ljava/lang/Object;' @76  NULL (0)
 - private volatile transient 'enumConstantDirectory' 'Ljava/util/Map;' @80  NULL (0)
 - private volatile transient 'annotationData' 'Ljava/lang/Class$AnnotationData;' @84  NULL (0)
 - private volatile transient 'annotationType' 'Lsun/reflect/annotation/AnnotationType;' @88  NULL (0)
 - transient 'classValueMap' 'Ljava/lang/ClassValue$ClassValueMap;' @92  NULL (0)
 - signature: Lorg/junit/jupiter/api/AssertionUtils;
 - fake entry for mirror: 'org/junit/jupiter/api/AssertionUtils'
 - fake entry for array: NULL
 - fake entry for oop_size: 15
 - fake entry for static_oop_field_count: 1
 - private static transient synthetic '$jacocoData' '[Z' @112  [Z{0x000000009eff5330} (9eff5330)
stack at sp + 6 slots: 0x00000022e9ffc040 is pointing into the stack for thread: 0x000001f1d4414130
stack at sp + 7 slots: 0x000001f1e4779604 is at code_begin+1412 in an Interpreter codelet
return entry points  [0x000001f1e4779080, 0x000001f1e4779bc0]  2880 bytes


Compiled method (c2)     686  136       4       java.lang.String::equals (56 bytes)
 total in heap  [0x000001f1e4ecd890,0x000001f1e4ecdc58] = 968
 relocation     [0x000001f1e4ecd9e8,0x000001f1e4ecda00] = 24
 main code      [0x000001f1e4ecda00,0x000001f1e4ecdbc0] = 448
 stub code      [0x000001f1e4ecdbc0,0x000001f1e4ecdbd8] = 24
 metadata       [0x000001f1e4ecdbd8,0x000001f1e4ecdbe8] = 16
 scopes data    [0x000001f1e4ecdbe8,0x000001f1e4ecdc10] = 40
 scopes pcs     [0x000001f1e4ecdc10,0x000001f1e4ecdc50] = 64
 dependencies   [0x000001f1e4ecdc50,0x000001f1e4ecdc58] = 8

[Constant Pool (empty)]

[MachCode]
[Entry Point]
  # {method} {0x000001f18042f1b0} 'equals' '(Ljava/lang/Object;)Z' in 'java/lang/String'
  # this:     rdx:rdx   = 'java/lang/String'
  # parm0:    r8:r8     = 'java/lang/Object'
  #           [sp+0x40]  (sp of caller)
  0x000001f1e4ecda00: 448b 5208 | 49bb 0000 | 0080 f101 | 0000 4d03 | d349 3bc2 

  0x000001f1e4ecda14: ;   {runtime_call ic_miss_stub}
  0x000001f1e4ecda14: 0f85 66f0 | 8eff 6690 | 0f1f 4000 
[Verified Entry Point]
  0x000001f1e4ecda20: 8984 2400 | 90ff ff55 | 4883 ec30 | 493b d00f | 8426 0100 | 004d 85c0 | 0f84 0501 | 0000 458b 
  0x000001f1e4ecda40: ;   {metadata('java/lang/String')}
  0x000001f1e4ecda40: 5808 4181 | fbd8 e900 | 000f 8535 | 0100 0044 | 0fbe 5a10 | 410f be68 | 1044 3bdd | 0f85 0701 
  0x000001f1e4ecda60: 0000 458b | 5014 448b | 4214 458b | 5a0c 418b | 480c 413b | cb0f 85c8 | 0000 004d | 8bda 498d 
  0x000001f1e4ecda80: 7210 4d8b | d049 8d78 | 1085 c90f | 849d 0000 | 008b c183 | e01f 83e1 | e00f 844b | 0000 0048 
  0x000001f1e4ecdaa0: 8d3c 0f48 | 8d34 0e48 | f7d9 c5fe | 6f0c 0fc5 | fe6f 040e | c5f5 efc8 | c4e2 7d17 | c90f 8572 
  0x000001f1e4ecdac0: 0000 0048 | 83c1 2075 | e185 c00f | 845d 0000 | 00c5 fe6f | 4c07 e0c5 | fe6f 4406 | e0c5 f5ef 
  0x000001f1e4ecdae0: c8c4 e27d | 17c9 754d | eb44 8bc8 | 83e1 fc74 | 1948 8d3c | 0f48 8d34 | 0e48 f7d9 | 8b1c 0f3b 
  0x000001f1e4ecdb00: 1c0e 7531 | 4883 c104 | 75f2 a802 | 7412 0fb7 | 1f0f b70e | 3bd9 751d | 488d 7f02 | 488d 7602 
  0x000001f1e4ecdb20: a801 740a | 0fb6 1f0f | b60e 3bd9 | 7507 b801 | 0000 00eb | 0233 c0c5 | f5ef c9c5 | fdef c085 
  0x000001f1e4ecdb40: c075 1f33 | c0c5 f877 | 4883 c430 

  0x000001f1e4ecdb4c: ;   {poll_return}
  0x000001f1e4ecdb4c: 5d49 3ba7 | 4003 0000 | 0f87 4200 | 0000 c3b8 | 0100 0000 | ebe3 b801 | 0000 00eb | dc48 8914 
  0x000001f1e4ecdb6c: 244c 8944 | 2408 4489 | 5c24 10ba | 45ff ffff 

  0x000001f1e4ecdb7c: ;   {runtime_call UncommonTrapBlob}
  0x000001f1e4ecdb7c: c5f8 77e8 

  0x000001f1e4ecdb80: ; ImmutableOopMap {[0]=Oop [8]=Oop }
                      ;*if_icmpne {reexecute=1 rethrow=0 return_oop=0}
                      ; - (reexecute) java.lang.String::equals@33 (line 1830)
  0x000001f1e4ecdb80: 7c47 8fff | 488b ea4c | 8944 2408 | bade ffff | ff66 6690 

  0x000001f1e4ecdb94: ;   {runtime_call UncommonTrapBlob}
  0x000001f1e4ecdb94: c5f8 77e8 

  0x000001f1e4ecdb98: ; ImmutableOopMap {rbp=Oop [8]=Oop }
                      ;*instanceof {reexecute=0 rethrow=0 return_oop=0}
                      ; - java.lang.String::equals@8 (line 1832)
  0x000001f1e4ecdb98: 6447 8fff 

  0x000001f1e4ecdb9c: ;   {internal_word}
  0x000001f1e4ecdb9c: 49ba 4ddb | ece4 f101 | 0000 4d89 | 9758 0300 

  0x000001f1e4ecdbac: ;   {runtime_call SafepointBlob}
  0x000001f1e4ecdbac: 00e9 4e58 | 8fff f4f4 | f4f4 f4f4 | f4f4 f4f4 | f4f4 f4f4 
[Exception Handler]
  0x000001f1e4ecdbc0: ;   {no_reloc}
  0x000001f1e4ecdbc0: e93b c390 | ffe8 0000 | 0000 4883 

  0x000001f1e4ecdbcc: ;   {runtime_call DeoptimizationBlob}
  0x000001f1e4ecdbcc: 2c24 05e9 | cc4a 8fff | f4f4 f4f4 
[/MachCode]


---------------  P R O C E S S  ---------------

Threads class SMR info:
_java_thread_list=0x000001f1fdc97020, length=24, elements={
0x000001f1d4414130, 0x000001f1f4821ce0, 0x000001f1f48227a0, 0x000001f1f5b961d0,
0x000001f1f5b96a90, 0x000001f1f5b97350, 0x000001f1f5b97c10, 0x000001f1f5b9ae20,
0x000001f1f5b9b7d0, 0x000001f1f5b9c0d0, 0x000001f1f5c437b0, 0x000001f1f5c9be40,
0x000001f1f5ca0840, 0x000001f1f5ca1590, 0x000001f1f5cdb370, 0x000001f1fa1280a0,
0x000001f1fa51cc10, 0x000001f1fa70e510, 0x000001f1fa3aec60, 0x000001f1fac2c050,
0x000001f1fb0e40a0, 0x000001f1fb2b5a30, 0x000001f1fae4c8c0, 0x000001f1fd4b7e70
}

Java Threads: ( => current thread )
=>0x000001f1d4414130 JavaThread "main" [_thread_in_Java, id=21712, stack(0x00000022e9f00000,0x00000022ea000000)]
  0x000001f1f4821ce0 JavaThread "Reference Handler" daemon [_thread_blocked, id=10064, stack(0x00000022ea600000,0x00000022ea700000)]
  0x000001f1f48227a0 JavaThread "Finalizer" daemon [_thread_blocked, id=13820, stack(0x00000022ea700000,0x00000022ea800000)]
  0x000001f1f5b961d0 JavaThread "Signal Dispatcher" daemon [_thread_blocked, id=30892, stack(0x00000022ea800000,0x00000022ea900000)]
  0x000001f1f5b96a90 JavaThread "Attach Listener" daemon [_thread_blocked, id=25052, stack(0x00000022ea900000,0x00000022eaa00000)]
  0x000001f1f5b97350 JavaThread "Service Thread" daemon [_thread_blocked, id=31472, stack(0x00000022eaa00000,0x00000022eab00000)]
  0x000001f1f5b97c10 JavaThread "Monitor Deflation Thread" daemon [_thread_blocked, id=34292, stack(0x00000022eab00000,0x00000022eac00000)]
  0x000001f1f5b9ae20 JavaThread "C2 CompilerThread0" daemon [_thread_in_native, id=18328, stack(0x00000022eac00000,0x00000022ead00000)]
  0x000001f1f5b9b7d0 JavaThread "C1 CompilerThread0" daemon [_thread_blocked, id=24488, stack(0x00000022ead00000,0x00000022eae00000)]
  0x000001f1f5b9c0d0 JavaThread "Sweeper thread" daemon [_thread_blocked, id=32836, stack(0x00000022eae00000,0x00000022eaf00000)]
  0x000001f1f5c437b0 JavaThread "C1 CompilerThread1" daemon [_thread_blocked, id=32988, stack(0x00000022eaf00000,0x00000022eb000000)]
  0x000001f1f5c9be40 JavaThread "Common-Cleaner" daemon [_thread_blocked, id=26616, stack(0x00000022eb000000,0x00000022eb100000)]
  0x000001f1f5ca0840 JavaThread "C1 CompilerThread2" daemon [_thread_blocked, id=32756, stack(0x00000022eb100000,0x00000022eb200000)]
  0x000001f1f5ca1590 JavaThread "C1 CompilerThread3" daemon [_thread_blocked, id=33264, stack(0x00000022eb200000,0x00000022eb300000)]
  0x000001f1f5cdb370 JavaThread "C2 CompilerThread1" daemon [_thread_blocked, id=33080, stack(0x00000022eb300000,0x00000022eb400000)]
  0x000001f1fa1280a0 JavaThread "Notification Thread" daemon [_thread_blocked, id=21096, stack(0x00000022eb400000,0x00000022eb500000)]
  0x000001f1fa51cc10 JavaThread "C2 CompilerThread2" daemon [_thread_blocked, id=4000, stack(0x00000022eb600000,0x00000022eb700000)]
  0x000001f1fa70e510 JavaThread "surefire-forkedjvm-stream-flusher" daemon [_thread_blocked, id=28752, stack(0x00000022eb700000,0x00000022eb800000)]
  0x000001f1fa3aec60 JavaThread "surefire-forkedjvm-command-thread" daemon [_thread_in_native, id=34136, stack(0x00000022eb800000,0x00000022eb900000)]
  0x000001f1fac2c050 JavaThread "C2 CompilerThread3" daemon [_thread_in_native, id=13844, stack(0x00000022eb900000,0x00000022eba00000)]
  0x000001f1fb0e40a0 JavaThread "C2 CompilerThread4" daemon [_thread_blocked, id=30824, stack(0x00000022eba00000,0x00000022ebb00000)]
  0x000001f1fb2b5a30 JavaThread "C2 CompilerThread5" daemon [_thread_in_native, id=20296, stack(0x00000022ebb00000,0x00000022ebc00000)]
  0x000001f1fae4c8c0 JavaThread "C2 CompilerThread6" daemon [_thread_blocked, id=27028, stack(0x00000022ebc00000,0x00000022ebd00000)]
  0x000001f1fd4b7e70 JavaThread "C2 CompilerThread7" daemon [_thread_blocked, id=12804, stack(0x00000022ec800000,0x00000022ec900000)]

Other Threads:
  0x000001f1f481c430 VMThread "VM Thread" [stack: 0x00000022ea500000,0x00000022ea600000] [id=31912]
  0x000001f1d44d9c00 WatcherThread [stack: 0x00000022eb500000,0x00000022eb600000] [id=35468]
  0x000001f1d44764b0 GCTaskThread "GC Thread#0" [stack: 0x00000022ea000000,0x00000022ea100000] [id=18228]
  0x000001f1fb6f7be0 GCTaskThread "GC Thread#1" [stack: 0x00000022ebd00000,0x00000022ebe00000] [id=34432]
  0x000001f1fa70e220 GCTaskThread "GC Thread#2" [stack: 0x00000022ebe00000,0x00000022ebf00000] [id=35228]
  0x000001f1fb009150 GCTaskThread "GC Thread#3" [stack: 0x00000022ebf00000,0x00000022ec000000] [id=28168]
  0x000001f1fb0c38f0 GCTaskThread "GC Thread#4" [stack: 0x00000022ec000000,0x00000022ec100000] [id=15844]
  0x000001f1fade85b0 GCTaskThread "GC Thread#5" [stack: 0x00000022ec100000,0x00000022ec200000] [id=32820]
  0x000001f1fb08ea30 GCTaskThread "GC Thread#6" [stack: 0x00000022ec200000,0x00000022ec300000] [id=27580]
  0x000001f1fb08ecf0 GCTaskThread "GC Thread#7" [stack: 0x00000022ec300000,0x00000022ec400000] [id=31712]
  0x000001f1fad12950 GCTaskThread "GC Thread#8" [stack: 0x00000022ec400000,0x00000022ec500000] [id=30216]
  0x000001f1fad12c10 GCTaskThread "GC Thread#9" [stack: 0x00000022ec500000,0x00000022ec600000] [id=9184]
  0x000001f1faca0690 GCTaskThread "GC Thread#10" [stack: 0x00000022ec600000,0x00000022ec700000] [id=19264]
  0x000001f1fb5dae80 GCTaskThread "GC Thread#11" [stack: 0x00000022ec700000,0x00000022ec800000] [id=5112]
  0x000001f1d4431940 ConcurrentGCThread "G1 Main Marker" [stack: 0x00000022ea100000,0x00000022ea200000] [id=32800]
  0x000001f1d44896e0 ConcurrentGCThread "G1 Conc#0" [stack: 0x00000022ea200000,0x00000022ea300000] [id=9348]
  0x000001f1f47f83a0 ConcurrentGCThread "G1 Refine#0" [stack: 0x00000022ea300000,0x00000022ea400000] [id=35824]
  0x000001f1f47f9a90 ConcurrentGCThread "G1 Service" [stack: 0x00000022ea400000,0x00000022ea500000] [id=33764]

Threads with active compile tasks:
C2 CompilerThread0      688 2073 %     4       org.jacoco.agent.rt.internal_b6258fc.asm.SymbolTable::<init> @ 98 (536 bytes)
C2 CompilerThread3      688 2119       4       org.jacoco.agent.rt.internal_b6258fc.asm.tree.FrameNode::accept (184 bytes)
C2 CompilerThread5      688 2120       4       org.jacoco.agent.rt.internal_b6258fc.asm.ClassReader::readCode (5109 bytes)

VM state: not at safepoint (normal execution)

VM Mutex/Monitor currently owned by a thread: None

Heap address: 0x0000000080000000, size: 2048 MB, Compressed Oops mode: 32-bit

CDS archive(s) mapped at: [0x000001f180000000-0x000001f180bd0000-0x000001f180bd0000), size 12386304, SharedBaseAddress: 0x000001f180000000, ArchiveRelocationMode: 1.
Compressed class space mapped at: 0x000001f181000000-0x000001f1c1000000, reserved size: 1073741824
Narrow klass base: 0x000001f180000000, Narrow klass shift: 0, Narrow klass range: 0x100000000

GC Precious Log:
 CPUs: 24 total, 24 available
 Memory: 64891M
 Large Page Support: Disabled
 NUMA Support: Disabled
 Compressed Oops: Enabled (32-bit)
 Heap Region Size: 1M
 Heap Min Capacity: 512M
 Heap Initial Capacity: 512M
 Heap Max Capacity: 2G
 Pre-touch: Disabled
 Parallel Workers: 18
 Concurrent Workers: 5
 Concurrent Refinement Workers: 18
 Periodic GC: Disabled

Heap:
 garbage-first heap   total 524288K, used 23472K [0x0000000080000000, 0x0000000100000000)
  region size 1024K, 24 young (24576K), 4 survivors (4096K)
 Metaspace       used 7885K, committed 8064K, reserved 1114112K
  class space    used 905K, committed 960K, reserved 1048576K

Heap Regions: E=young(eden), S=young(survivor), O=old, HS=humongous(starts), HC=humongous(continues), CS=collection set, F=free, OA=open archive, CA=closed archive, TAMS=top-at-mark-start (previous, next)
|   0|0x0000000080000000, 0x0000000080000000, 0x0000000080100000|  0%| F|  |TAMS 0x0000000080000000, 0x0000000080000000| Untracked 
|   1|0x0000000080100000, 0x0000000080100000, 0x0000000080200000|  0%| F|  |TAMS 0x0000000080100000, 0x0000000080100000| Untracked 
|   2|0x0000000080200000, 0x0000000080200000, 0x0000000080300000|  0%| F|  |TAMS 0x0000000080200000, 0x0000000080200000| Untracked 
|   3|0x0000000080300000, 0x0000000080300000, 0x0000000080400000|  0%| F|  |TAMS 0x0000000080300000, 0x0000000080300000| Untracked 
|   4|0x0000000080400000, 0x0000000080400000, 0x0000000080500000|  0%| F|  |TAMS 0x0000000080400000, 0x0000000080400000| Untracked 
|   5|0x0000000080500000, 0x0000000080500000, 0x0000000080600000|  0%| F|  |TAMS 0x0000000080500000, 0x0000000080500000| Untracked 
|   6|0x0000000080600000, 0x0000000080600000, 0x0000000080700000|  0%| F|  |TAMS 0x0000000080600000, 0x0000000080600000| Untracked 
|   7|0x0000000080700000, 0x0000000080700000, 0x0000000080800000|  0%| F|  |TAMS 0x0000000080700000, 0x0000000080700000| Untracked 
|   8|0x0000000080800000, 0x0000000080800000, 0x0000000080900000|  0%| F|  |TAMS 0x0000000080800000, 0x0000000080800000| Untracked 
|   9|0x0000000080900000, 0x0000000080900000, 0x0000000080a00000|  0%| F|  |TAMS 0x0000000080900000, 0x0000000080900000| Untracked 
|  10|0x0000000080a00000, 0x0000000080a00000, 0x0000000080b00000|  0%| F|  |TAMS 0x0000000080a00000, 0x0000000080a00000| Untracked 
|  11|0x0000000080b00000, 0x0000000080b00000, 0x0000000080c00000|  0%| F|  |TAMS 0x0000000080b00000, 0x0000000080b00000| Untracked 
|  12|0x0000000080c00000, 0x0000000080c00000, 0x0000000080d00000|  0%| F|  |TAMS 0x0000000080c00000, 0x0000000080c00000| Untracked 
|  13|0x0000000080d00000, 0x0000000080d00000, 0x0000000080e00000|  0%| F|  |TAMS 0x0000000080d00000, 0x0000000080d00000| Untracked 
|  14|0x0000000080e00000, 0x0000000080e00000, 0x0000000080f00000|  0%| F|  |TAMS 0x0000000080e00000, 0x0000000080e00000| Untracked 
|  15|0x0000000080f00000, 0x0000000080f00000, 0x0000000081000000|  0%| F|  |TAMS 0x0000000080f00000, 0x0000000080f00000| Untracked 
|  16|0x0000000081000000, 0x0000000081000000, 0x0000000081100000|  0%| F|  |TAMS 0x0000000081000000, 0x0000000081000000| Untracked 
|  17|0x0000000081100000, 0x0000000081100000, 0x0000000081200000|  0%| F|  |TAMS 0x0000000081100000, 0x0000000081100000| Untracked 
|  18|0x0000000081200000, 0x0000000081200000, 0x0000000081300000|  0%| F|  |TAMS 0x0000000081200000, 0x0000000081200000| Untracked 
|  19|0x0000000081300000, 0x0000000081300000, 0x0000000081400000|  0%| F|  |TAMS 0x0000000081300000, 0x0000000081300000| Untracked 
|  20|0x0000000081400000, 0x0000000081400000, 0x0000000081500000|  0%| F|  |TAMS 0x0000000081400000, 0x0000000081400000| Untracked 
|  21|0x0000000081500000, 0x0000000081500000, 0x0000000081600000|  0%| F|  |TAMS 0x0000000081500000, 0x0000000081500000| Untracked 
|  22|0x0000000081600000, 0x0000000081600000, 0x0000000081700000|  0%| F|  |TAMS 0x0000000081600000, 0x0000000081600000| Untracked 
|  23|0x0000000081700000, 0x0000000081700000, 0x0000000081800000|  0%| F|  |TAMS 0x0000000081700000, 0x0000000081700000| Untracked 
|  24|0x0000000081800000, 0x0000000081800000, 0x0000000081900000|  0%| F|  |TAMS 0x0000000081800000, 0x0000000081800000| Untracked 
|  25|0x0000000081900000, 0x0000000081900000, 0x0000000081a00000|  0%| F|  |TAMS 0x0000000081900000, 0x0000000081900000| Untracked 
|  26|0x0000000081a00000, 0x0000000081a00000, 0x0000000081b00000|  0%| F|  |TAMS 0x0000000081a00000, 0x0000000081a00000| Untracked 
|  27|0x0000000081b00000, 0x0000000081b00000, 0x0000000081c00000|  0%| F|  |TAMS 0x0000000081b00000, 0x0000000081b00000| Untracked 
|  28|0x0000000081c00000, 0x0000000081c00000, 0x0000000081d00000|  0%| F|  |TAMS 0x0000000081c00000, 0x0000000081c00000| Untracked 
|  29|0x0000000081d00000, 0x0000000081d00000, 0x0000000081e00000|  0%| F|  |TAMS 0x0000000081d00000, 0x0000000081d00000| Untracked 
|  30|0x0000000081e00000, 0x0000000081e00000, 0x0000000081f00000|  0%| F|  |TAMS 0x0000000081e00000, 0x0000000081e00000| Untracked 
|  31|0x0000000081f00000, 0x0000000081f00000, 0x0000000082000000|  0%| F|  |TAMS 0x0000000081f00000, 0x0000000081f00000| Untracked 
|  32|0x0000000082000000, 0x0000000082000000, 0x0000000082100000|  0%| F|  |TAMS 0x0000000082000000, 0x0000000082000000| Untracked 
|  33|0x0000000082100000, 0x0000000082100000, 0x0000000082200000|  0%| F|  |TAMS 0x0000000082100000, 0x0000000082100000| Untracked 
|  34|0x0000000082200000, 0x0000000082200000, 0x0000000082300000|  0%| F|  |TAMS 0x0000000082200000, 0x0000000082200000| Untracked 
|  35|0x0000000082300000, 0x0000000082300000, 0x0000000082400000|  0%| F|  |TAMS 0x0000000082300000, 0x0000000082300000| Untracked 
|  36|0x0000000082400000, 0x0000000082400000, 0x0000000082500000|  0%| F|  |TAMS 0x0000000082400000, 0x0000000082400000| Untracked 
|  37|0x0000000082500000, 0x0000000082500000, 0x0000000082600000|  0%| F|  |TAMS 0x0000000082500000, 0x0000000082500000| Untracked 
|  38|0x0000000082600000, 0x0000000082600000, 0x0000000082700000|  0%| F|  |TAMS 0x0000000082600000, 0x0000000082600000| Untracked 
|  39|0x0000000082700000, 0x0000000082700000, 0x0000000082800000|  0%| F|  |TAMS 0x0000000082700000, 0x0000000082700000| Untracked 
|  40|0x0000000082800000, 0x0000000082800000, 0x0000000082900000|  0%| F|  |TAMS 0x0000000082800000, 0x0000000082800000| Untracked 
|  41|0x0000000082900000, 0x0000000082900000, 0x0000000082a00000|  0%| F|  |TAMS 0x0000000082900000, 0x0000000082900000| Untracked 
|  42|0x0000000082a00000, 0x0000000082a00000, 0x0000000082b00000|  0%| F|  |TAMS 0x0000000082a00000, 0x0000000082a00000| Untracked 
|  43|0x0000000082b00000, 0x0000000082b00000, 0x0000000082c00000|  0%| F|  |TAMS 0x0000000082b00000, 0x0000000082b00000| Untracked 
|  44|0x0000000082c00000, 0x0000000082c00000, 0x0000000082d00000|  0%| F|  |TAMS 0x0000000082c00000, 0x0000000082c00000| Untracked 
|  45|0x0000000082d00000, 0x0000000082d00000, 0x0000000082e00000|  0%| F|  |TAMS 0x0000000082d00000, 0x0000000082d00000| Untracked 
|  46|0x0000000082e00000, 0x0000000082e00000, 0x0000000082f00000|  0%| F|  |TAMS 0x0000000082e00000, 0x0000000082e00000| Untracked 
|  47|0x0000000082f00000, 0x0000000082f00000, 0x0000000083000000|  0%| F|  |TAMS 0x0000000082f00000, 0x0000000082f00000| Untracked 
|  48|0x0000000083000000, 0x0000000083000000, 0x0000000083100000|  0%| F|  |TAMS 0x0000000083000000, 0x0000000083000000| Untracked 
|  49|0x0000000083100000, 0x0000000083100000, 0x0000000083200000|  0%| F|  |TAMS 0x0000000083100000, 0x0000000083100000| Untracked 
|  50|0x0000000083200000, 0x0000000083200000, 0x0000000083300000|  0%| F|  |TAMS 0x0000000083200000, 0x0000000083200000| Untracked 
|  51|0x0000000083300000, 0x0000000083300000, 0x0000000083400000|  0%| F|  |TAMS 0x0000000083300000, 0x0000000083300000| Untracked 
|  52|0x0000000083400000, 0x0000000083400000, 0x0000000083500000|  0%| F|  |TAMS 0x0000000083400000, 0x0000000083400000| Untracked 
|  53|0x0000000083500000, 0x0000000083500000, 0x0000000083600000|  0%| F|  |TAMS 0x0000000083500000, 0x0000000083500000| Untracked 
|  54|0x0000000083600000, 0x0000000083600000, 0x0000000083700000|  0%| F|  |TAMS 0x0000000083600000, 0x0000000083600000| Untracked 
|  55|0x0000000083700000, 0x0000000083700000, 0x0000000083800000|  0%| F|  |TAMS 0x0000000083700000, 0x0000000083700000| Untracked 
|  56|0x0000000083800000, 0x0000000083800000, 0x0000000083900000|  0%| F|  |TAMS 0x0000000083800000, 0x0000000083800000| Untracked 
|  57|0x0000000083900000, 0x0000000083900000, 0x0000000083a00000|  0%| F|  |TAMS 0x0000000083900000, 0x0000000083900000| Untracked 
|  58|0x0000000083a00000, 0x0000000083a00000, 0x0000000083b00000|  0%| F|  |TAMS 0x0000000083a00000, 0x0000000083a00000| Untracked 
|  59|0x0000000083b00000, 0x0000000083b00000, 0x0000000083c00000|  0%| F|  |TAMS 0x0000000083b00000, 0x0000000083b00000| Untracked 
|  60|0x0000000083c00000, 0x0000000083c00000, 0x0000000083d00000|  0%| F|  |TAMS 0x0000000083c00000, 0x0000000083c00000| Untracked 
|  61|0x0000000083d00000, 0x0000000083d00000, 0x0000000083e00000|  0%| F|  |TAMS 0x0000000083d00000, 0x0000000083d00000| Untracked 
|  62|0x0000000083e00000, 0x0000000083e00000, 0x0000000083f00000|  0%| F|  |TAMS 0x0000000083e00000, 0x0000000083e00000| Untracked 
|  63|0x0000000083f00000, 0x0000000083f00000, 0x0000000084000000|  0%| F|  |TAMS 0x0000000083f00000, 0x0000000083f00000| Untracked 
|  64|0x0000000084000000, 0x0000000084000000, 0x0000000084100000|  0%| F|  |TAMS 0x0000000084000000, 0x0000000084000000| Untracked 
|  65|0x0000000084100000, 0x0000000084100000, 0x0000000084200000|  0%| F|  |TAMS 0x0000000084100000, 0x0000000084100000| Untracked 
|  66|0x0000000084200000, 0x0000000084200000, 0x0000000084300000|  0%| F|  |TAMS 0x0000000084200000, 0x0000000084200000| Untracked 
|  67|0x0000000084300000, 0x0000000084300000, 0x0000000084400000|  0%| F|  |TAMS 0x0000000084300000, 0x0000000084300000| Untracked 
|  68|0x0000000084400000, 0x0000000084400000, 0x0000000084500000|  0%| F|  |TAMS 0x0000000084400000, 0x0000000084400000| Untracked 
|  69|0x0000000084500000, 0x0000000084500000, 0x0000000084600000|  0%| F|  |TAMS 0x0000000084500000, 0x0000000084500000| Untracked 
|  70|0x0000000084600000, 0x0000000084600000, 0x0000000084700000|  0%| F|  |TAMS 0x0000000084600000, 0x0000000084600000| Untracked 
|  71|0x0000000084700000, 0x0000000084700000, 0x0000000084800000|  0%| F|  |TAMS 0x0000000084700000, 0x0000000084700000| Untracked 
|  72|0x0000000084800000, 0x0000000084800000, 0x0000000084900000|  0%| F|  |TAMS 0x0000000084800000, 0x0000000084800000| Untracked 
|  73|0x0000000084900000, 0x0000000084900000, 0x0000000084a00000|  0%| F|  |TAMS 0x0000000084900000, 0x0000000084900000| Untracked 
|  74|0x0000000084a00000, 0x0000000084a00000, 0x0000000084b00000|  0%| F|  |TAMS 0x0000000084a00000, 0x0000000084a00000| Untracked 
|  75|0x0000000084b00000, 0x0000000084b00000, 0x0000000084c00000|  0%| F|  |TAMS 0x0000000084b00000, 0x0000000084b00000| Untracked 
|  76|0x0000000084c00000, 0x0000000084c00000, 0x0000000084d00000|  0%| F|  |TAMS 0x0000000084c00000, 0x0000000084c00000| Untracked 
|  77|0x0000000084d00000, 0x0000000084d00000, 0x0000000084e00000|  0%| F|  |TAMS 0x0000000084d00000, 0x0000000084d00000| Untracked 
|  78|0x0000000084e00000, 0x0000000084e00000, 0x0000000084f00000|  0%| F|  |TAMS 0x0000000084e00000, 0x0000000084e00000| Untracked 
|  79|0x0000000084f00000, 0x0000000084f00000, 0x0000000085000000|  0%| F|  |TAMS 0x0000000084f00000, 0x0000000084f00000| Untracked 
|  80|0x0000000085000000, 0x0000000085000000, 0x0000000085100000|  0%| F|  |TAMS 0x0000000085000000, 0x0000000085000000| Untracked 
|  81|0x0000000085100000, 0x0000000085100000, 0x0000000085200000|  0%| F|  |TAMS 0x0000000085100000, 0x0000000085100000| Untracked 
|  82|0x0000000085200000, 0x0000000085200000, 0x0000000085300000|  0%| F|  |TAMS 0x0000000085200000, 0x0000000085200000| Untracked 
|  83|0x0000000085300000, 0x0000000085300000, 0x0000000085400000|  0%| F|  |TAMS 0x0000000085300000, 0x0000000085300000| Untracked 
|  84|0x0000000085400000, 0x0000000085400000, 0x0000000085500000|  0%| F|  |TAMS 0x0000000085400000, 0x0000000085400000| Untracked 
|  85|0x0000000085500000, 0x0000000085500000, 0x0000000085600000|  0%| F|  |TAMS 0x0000000085500000, 0x0000000085500000| Untracked 
|  86|0x0000000085600000, 0x0000000085600000, 0x0000000085700000|  0%| F|  |TAMS 0x0000000085600000, 0x0000000085600000| Untracked 
|  87|0x0000000085700000, 0x0000000085700000, 0x0000000085800000|  0%| F|  |TAMS 0x0000000085700000, 0x0000000085700000| Untracked 
|  88|0x0000000085800000, 0x0000000085800000, 0x0000000085900000|  0%| F|  |TAMS 0x0000000085800000, 0x0000000085800000| Untracked 
|  89|0x0000000085900000, 0x0000000085900000, 0x0000000085a00000|  0%| F|  |TAMS 0x0000000085900000, 0x0000000085900000| Untracked 
|  90|0x0000000085a00000, 0x0000000085a00000, 0x0000000085b00000|  0%| F|  |TAMS 0x0000000085a00000, 0x0000000085a00000| Untracked 
|  91|0x0000000085b00000, 0x0000000085b00000, 0x0000000085c00000|  0%| F|  |TAMS 0x0000000085b00000, 0x0000000085b00000| Untracked 
|  92|0x0000000085c00000, 0x0000000085c00000, 0x0000000085d00000|  0%| F|  |TAMS 0x0000000085c00000, 0x0000000085c00000| Untracked 
|  93|0x0000000085d00000, 0x0000000085d00000, 0x0000000085e00000|  0%| F|  |TAMS 0x0000000085d00000, 0x0000000085d00000| Untracked 
|  94|0x0000000085e00000, 0x0000000085e00000, 0x0000000085f00000|  0%| F|  |TAMS 0x0000000085e00000, 0x0000000085e00000| Untracked 
|  95|0x0000000085f00000, 0x0000000085f00000, 0x0000000086000000|  0%| F|  |TAMS 0x0000000085f00000, 0x0000000085f00000| Untracked 
|  96|0x0000000086000000, 0x0000000086000000, 0x0000000086100000|  0%| F|  |TAMS 0x0000000086000000, 0x0000000086000000| Untracked 
|  97|0x0000000086100000, 0x0000000086100000, 0x0000000086200000|  0%| F|  |TAMS 0x0000000086100000, 0x0000000086100000| Untracked 
|  98|0x0000000086200000, 0x0000000086200000, 0x0000000086300000|  0%| F|  |TAMS 0x0000000086200000, 0x0000000086200000| Untracked 
|  99|0x0000000086300000, 0x0000000086300000, 0x0000000086400000|  0%| F|  |TAMS 0x0000000086300000, 0x0000000086300000| Untracked 
| 100|0x0000000086400000, 0x0000000086400000, 0x0000000086500000|  0%| F|  |TAMS 0x0000000086400000, 0x0000000086400000| Untracked 
| 101|0x0000000086500000, 0x0000000086500000, 0x0000000086600000|  0%| F|  |TAMS 0x0000000086500000, 0x0000000086500000| Untracked 
| 102|0x0000000086600000, 0x0000000086600000, 0x0000000086700000|  0%| F|  |TAMS 0x0000000086600000, 0x0000000086600000| Untracked 
| 103|0x0000000086700000, 0x0000000086700000, 0x0000000086800000|  0%| F|  |TAMS 0x0000000086700000, 0x0000000086700000| Untracked 
| 104|0x0000000086800000, 0x0000000086800000, 0x0000000086900000|  0%| F|  |TAMS 0x0000000086800000, 0x0000000086800000| Untracked 
| 105|0x0000000086900000, 0x0000000086900000, 0x0000000086a00000|  0%| F|  |TAMS 0x0000000086900000, 0x0000000086900000| Untracked 
| 106|0x0000000086a00000, 0x0000000086a00000, 0x0000000086b00000|  0%| F|  |TAMS 0x0000000086a00000, 0x0000000086a00000| Untracked 
| 107|0x0000000086b00000, 0x0000000086b00000, 0x0000000086c00000|  0%| F|  |TAMS 0x0000000086b00000, 0x0000000086b00000| Untracked 
| 108|0x0000000086c00000, 0x0000000086c00000, 0x0000000086d00000|  0%| F|  |TAMS 0x0000000086c00000, 0x0000000086c00000| Untracked 
| 109|0x0000000086d00000, 0x0000000086d00000, 0x0000000086e00000|  0%| F|  |TAMS 0x0000000086d00000, 0x0000000086d00000| Untracked 
| 110|0x0000000086e00000, 0x0000000086e00000, 0x0000000086f00000|  0%| F|  |TAMS 0x0000000086e00000, 0x0000000086e00000| Untracked 
| 111|0x0000000086f00000, 0x0000000086f00000, 0x0000000087000000|  0%| F|  |TAMS 0x0000000086f00000, 0x0000000086f00000| Untracked 
| 112|0x0000000087000000, 0x0000000087000000, 0x0000000087100000|  0%| F|  |TAMS 0x0000000087000000, 0x0000000087000000| Untracked 
| 113|0x0000000087100000, 0x0000000087100000, 0x0000000087200000|  0%| F|  |TAMS 0x0000000087100000, 0x0000000087100000| Untracked 
| 114|0x0000000087200000, 0x0000000087200000, 0x0000000087300000|  0%| F|  |TAMS 0x0000000087200000, 0x0000000087200000| Untracked 
| 115|0x0000000087300000, 0x0000000087300000, 0x0000000087400000|  0%| F|  |TAMS 0x0000000087300000, 0x0000000087300000| Untracked 
| 116|0x0000000087400000, 0x0000000087400000, 0x0000000087500000|  0%| F|  |TAMS 0x0000000087400000, 0x0000000087400000| Untracked 
| 117|0x0000000087500000, 0x0000000087500000, 0x0000000087600000|  0%| F|  |TAMS 0x0000000087500000, 0x0000000087500000| Untracked 
| 118|0x0000000087600000, 0x0000000087600000, 0x0000000087700000|  0%| F|  |TAMS 0x0000000087600000, 0x0000000087600000| Untracked 
| 119|0x0000000087700000, 0x0000000087700000, 0x0000000087800000|  0%| F|  |TAMS 0x0000000087700000, 0x0000000087700000| Untracked 
| 120|0x0000000087800000, 0x0000000087800000, 0x0000000087900000|  0%| F|  |TAMS 0x0000000087800000, 0x0000000087800000| Untracked 
| 121|0x0000000087900000, 0x0000000087900000, 0x0000000087a00000|  0%| F|  |TAMS 0x0000000087900000, 0x0000000087900000| Untracked 
| 122|0x0000000087a00000, 0x0000000087a00000, 0x0000000087b00000|  0%| F|  |TAMS 0x0000000087a00000, 0x0000000087a00000| Untracked 
| 123|0x0000000087b00000, 0x0000000087b00000, 0x0000000087c00000|  0%| F|  |TAMS 0x0000000087b00000, 0x0000000087b00000| Untracked 
| 124|0x0000000087c00000, 0x0000000087c00000, 0x0000000087d00000|  0%| F|  |TAMS 0x0000000087c00000, 0x0000000087c00000| Untracked 
| 125|0x0000000087d00000, 0x0000000087d00000, 0x0000000087e00000|  0%| F|  |TAMS 0x0000000087d00000, 0x0000000087d00000| Untracked 
| 126|0x0000000087e00000, 0x0000000087e00000, 0x0000000087f00000|  0%| F|  |TAMS 0x0000000087e00000, 0x0000000087e00000| Untracked 
| 127|0x0000000087f00000, 0x0000000087f00000, 0x0000000088000000|  0%| F|  |TAMS 0x0000000087f00000, 0x0000000087f00000| Untracked 
| 128|0x0000000088000000, 0x0000000088000000, 0x0000000088100000|  0%| F|  |TAMS 0x0000000088000000, 0x0000000088000000| Untracked 
| 129|0x0000000088100000, 0x0000000088100000, 0x0000000088200000|  0%| F|  |TAMS 0x0000000088100000, 0x0000000088100000| Untracked 
| 130|0x0000000088200000, 0x0000000088200000, 0x0000000088300000|  0%| F|  |TAMS 0x0000000088200000, 0x0000000088200000| Untracked 
| 131|0x0000000088300000, 0x0000000088300000, 0x0000000088400000|  0%| F|  |TAMS 0x0000000088300000, 0x0000000088300000| Untracked 
| 132|0x0000000088400000, 0x0000000088400000, 0x0000000088500000|  0%| F|  |TAMS 0x0000000088400000, 0x0000000088400000| Untracked 
| 133|0x0000000088500000, 0x0000000088500000, 0x0000000088600000|  0%| F|  |TAMS 0x0000000088500000, 0x0000000088500000| Untracked 
| 134|0x0000000088600000, 0x0000000088600000, 0x0000000088700000|  0%| F|  |TAMS 0x0000000088600000, 0x0000000088600000| Untracked 
| 135|0x0000000088700000, 0x0000000088700000, 0x0000000088800000|  0%| F|  |TAMS 0x0000000088700000, 0x0000000088700000| Untracked 
| 136|0x0000000088800000, 0x0000000088800000, 0x0000000088900000|  0%| F|  |TAMS 0x0000000088800000, 0x0000000088800000| Untracked 
| 137|0x0000000088900000, 0x0000000088900000, 0x0000000088a00000|  0%| F|  |TAMS 0x0000000088900000, 0x0000000088900000| Untracked 
| 138|0x0000000088a00000, 0x0000000088a00000, 0x0000000088b00000|  0%| F|  |TAMS 0x0000000088a00000, 0x0000000088a00000| Untracked 
| 139|0x0000000088b00000, 0x0000000088b00000, 0x0000000088c00000|  0%| F|  |TAMS 0x0000000088b00000, 0x0000000088b00000| Untracked 
| 140|0x0000000088c00000, 0x0000000088c00000, 0x0000000088d00000|  0%| F|  |TAMS 0x0000000088c00000, 0x0000000088c00000| Untracked 
| 141|0x0000000088d00000, 0x0000000088d00000, 0x0000000088e00000|  0%| F|  |TAMS 0x0000000088d00000, 0x0000000088d00000| Untracked 
| 142|0x0000000088e00000, 0x0000000088e00000, 0x0000000088f00000|  0%| F|  |TAMS 0x0000000088e00000, 0x0000000088e00000| Untracked 
| 143|0x0000000088f00000, 0x0000000088f00000, 0x0000000089000000|  0%| F|  |TAMS 0x0000000088f00000, 0x0000000088f00000| Untracked 
| 144|0x0000000089000000, 0x0000000089000000, 0x0000000089100000|  0%| F|  |TAMS 0x0000000089000000, 0x0000000089000000| Untracked 
| 145|0x0000000089100000, 0x0000000089100000, 0x0000000089200000|  0%| F|  |TAMS 0x0000000089100000, 0x0000000089100000| Untracked 
| 146|0x0000000089200000, 0x0000000089200000, 0x0000000089300000|  0%| F|  |TAMS 0x0000000089200000, 0x0000000089200000| Untracked 
| 147|0x0000000089300000, 0x0000000089300000, 0x0000000089400000|  0%| F|  |TAMS 0x0000000089300000, 0x0000000089300000| Untracked 
| 148|0x0000000089400000, 0x0000000089400000, 0x0000000089500000|  0%| F|  |TAMS 0x0000000089400000, 0x0000000089400000| Untracked 
| 149|0x0000000089500000, 0x0000000089500000, 0x0000000089600000|  0%| F|  |TAMS 0x0000000089500000, 0x0000000089500000| Untracked 
| 150|0x0000000089600000, 0x0000000089600000, 0x0000000089700000|  0%| F|  |TAMS 0x0000000089600000, 0x0000000089600000| Untracked 
| 151|0x0000000089700000, 0x0000000089700000, 0x0000000089800000|  0%| F|  |TAMS 0x0000000089700000, 0x0000000089700000| Untracked 
| 152|0x0000000089800000, 0x0000000089800000, 0x0000000089900000|  0%| F|  |TAMS 0x0000000089800000, 0x0000000089800000| Untracked 
| 153|0x0000000089900000, 0x0000000089900000, 0x0000000089a00000|  0%| F|  |TAMS 0x0000000089900000, 0x0000000089900000| Untracked 
| 154|0x0000000089a00000, 0x0000000089a00000, 0x0000000089b00000|  0%| F|  |TAMS 0x0000000089a00000, 0x0000000089a00000| Untracked 
| 155|0x0000000089b00000, 0x0000000089b00000, 0x0000000089c00000|  0%| F|  |TAMS 0x0000000089b00000, 0x0000000089b00000| Untracked 
| 156|0x0000000089c00000, 0x0000000089c00000, 0x0000000089d00000|  0%| F|  |TAMS 0x0000000089c00000, 0x0000000089c00000| Untracked 
| 157|0x0000000089d00000, 0x0000000089d00000, 0x0000000089e00000|  0%| F|  |TAMS 0x0000000089d00000, 0x0000000089d00000| Untracked 
| 158|0x0000000089e00000, 0x0000000089e00000, 0x0000000089f00000|  0%| F|  |TAMS 0x0000000089e00000, 0x0000000089e00000| Untracked 
| 159|0x0000000089f00000, 0x0000000089f00000, 0x000000008a000000|  0%| F|  |TAMS 0x0000000089f00000, 0x0000000089f00000| Untracked 
| 160|0x000000008a000000, 0x000000008a000000, 0x000000008a100000|  0%| F|  |TAMS 0x000000008a000000, 0x000000008a000000| Untracked 
| 161|0x000000008a100000, 0x000000008a100000, 0x000000008a200000|  0%| F|  |TAMS 0x000000008a100000, 0x000000008a100000| Untracked 
| 162|0x000000008a200000, 0x000000008a200000, 0x000000008a300000|  0%| F|  |TAMS 0x000000008a200000, 0x000000008a200000| Untracked 
| 163|0x000000008a300000, 0x000000008a300000, 0x000000008a400000|  0%| F|  |TAMS 0x000000008a300000, 0x000000008a300000| Untracked 
| 164|0x000000008a400000, 0x000000008a400000, 0x000000008a500000|  0%| F|  |TAMS 0x000000008a400000, 0x000000008a400000| Untracked 
| 165|0x000000008a500000, 0x000000008a500000, 0x000000008a600000|  0%| F|  |TAMS 0x000000008a500000, 0x000000008a500000| Untracked 
| 166|0x000000008a600000, 0x000000008a600000, 0x000000008a700000|  0%| F|  |TAMS 0x000000008a600000, 0x000000008a600000| Untracked 
| 167|0x000000008a700000, 0x000000008a700000, 0x000000008a800000|  0%| F|  |TAMS 0x000000008a700000, 0x000000008a700000| Untracked 
| 168|0x000000008a800000, 0x000000008a800000, 0x000000008a900000|  0%| F|  |TAMS 0x000000008a800000, 0x000000008a800000| Untracked 
| 169|0x000000008a900000, 0x000000008a900000, 0x000000008aa00000|  0%| F|  |TAMS 0x000000008a900000, 0x000000008a900000| Untracked 
| 170|0x000000008aa00000, 0x000000008aa00000, 0x000000008ab00000|  0%| F|  |TAMS 0x000000008aa00000, 0x000000008aa00000| Untracked 
| 171|0x000000008ab00000, 0x000000008ab00000, 0x000000008ac00000|  0%| F|  |TAMS 0x000000008ab00000, 0x000000008ab00000| Untracked 
| 172|0x000000008ac00000, 0x000000008ac00000, 0x000000008ad00000|  0%| F|  |TAMS 0x000000008ac00000, 0x000000008ac00000| Untracked 
| 173|0x000000008ad00000, 0x000000008ad00000, 0x000000008ae00000|  0%| F|  |TAMS 0x000000008ad00000, 0x000000008ad00000| Untracked 
| 174|0x000000008ae00000, 0x000000008ae00000, 0x000000008af00000|  0%| F|  |TAMS 0x000000008ae00000, 0x000000008ae00000| Untracked 
| 175|0x000000008af00000, 0x000000008af00000, 0x000000008b000000|  0%| F|  |TAMS 0x000000008af00000, 0x000000008af00000| Untracked 
| 176|0x000000008b000000, 0x000000008b000000, 0x000000008b100000|  0%| F|  |TAMS 0x000000008b000000, 0x000000008b000000| Untracked 
| 177|0x000000008b100000, 0x000000008b100000, 0x000000008b200000|  0%| F|  |TAMS 0x000000008b100000, 0x000000008b100000| Untracked 
| 178|0x000000008b200000, 0x000000008b200000, 0x000000008b300000|  0%| F|  |TAMS 0x000000008b200000, 0x000000008b200000| Untracked 
| 179|0x000000008b300000, 0x000000008b300000, 0x000000008b400000|  0%| F|  |TAMS 0x000000008b300000, 0x000000008b300000| Untracked 
| 180|0x000000008b400000, 0x000000008b400000, 0x000000008b500000|  0%| F|  |TAMS 0x000000008b400000, 0x000000008b400000| Untracked 
| 181|0x000000008b500000, 0x000000008b500000, 0x000000008b600000|  0%| F|  |TAMS 0x000000008b500000, 0x000000008b500000| Untracked 
| 182|0x000000008b600000, 0x000000008b600000, 0x000000008b700000|  0%| F|  |TAMS 0x000000008b600000, 0x000000008b600000| Untracked 
| 183|0x000000008b700000, 0x000000008b700000, 0x000000008b800000|  0%| F|  |TAMS 0x000000008b700000, 0x000000008b700000| Untracked 
| 184|0x000000008b800000, 0x000000008b800000, 0x000000008b900000|  0%| F|  |TAMS 0x000000008b800000, 0x000000008b800000| Untracked 
| 185|0x000000008b900000, 0x000000008b900000, 0x000000008ba00000|  0%| F|  |TAMS 0x000000008b900000, 0x000000008b900000| Untracked 
| 186|0x000000008ba00000, 0x000000008ba00000, 0x000000008bb00000|  0%| F|  |TAMS 0x000000008ba00000, 0x000000008ba00000| Untracked 
| 187|0x000000008bb00000, 0x000000008bb00000, 0x000000008bc00000|  0%| F|  |TAMS 0x000000008bb00000, 0x000000008bb00000| Untracked 
| 188|0x000000008bc00000, 0x000000008bc00000, 0x000000008bd00000|  0%| F|  |TAMS 0x000000008bc00000, 0x000000008bc00000| Untracked 
| 189|0x000000008bd00000, 0x000000008bd00000, 0x000000008be00000|  0%| F|  |TAMS 0x000000008bd00000, 0x000000008bd00000| Untracked 
| 190|0x000000008be00000, 0x000000008be00000, 0x000000008bf00000|  0%| F|  |TAMS 0x000000008be00000, 0x000000008be00000| Untracked 
| 191|0x000000008bf00000, 0x000000008bf00000, 0x000000008c000000|  0%| F|  |TAMS 0x000000008bf00000, 0x000000008bf00000| Untracked 
| 192|0x000000008c000000, 0x000000008c000000, 0x000000008c100000|  0%| F|  |TAMS 0x000000008c000000, 0x000000008c000000| Untracked 
| 193|0x000000008c100000, 0x000000008c100000, 0x000000008c200000|  0%| F|  |TAMS 0x000000008c100000, 0x000000008c100000| Untracked 
| 194|0x000000008c200000, 0x000000008c200000, 0x000000008c300000|  0%| F|  |TAMS 0x000000008c200000, 0x000000008c200000| Untracked 
| 195|0x000000008c300000, 0x000000008c300000, 0x000000008c400000|  0%| F|  |TAMS 0x000000008c300000, 0x000000008c300000| Untracked 
| 196|0x000000008c400000, 0x000000008c400000, 0x000000008c500000|  0%| F|  |TAMS 0x000000008c400000, 0x000000008c400000| Untracked 
| 197|0x000000008c500000, 0x000000008c500000, 0x000000008c600000|  0%| F|  |TAMS 0x000000008c500000, 0x000000008c500000| Untracked 
| 198|0x000000008c600000, 0x000000008c600000, 0x000000008c700000|  0%| F|  |TAMS 0x000000008c600000, 0x000000008c600000| Untracked 
| 199|0x000000008c700000, 0x000000008c700000, 0x000000008c800000|  0%| F|  |TAMS 0x000000008c700000, 0x000000008c700000| Untracked 
| 200|0x000000008c800000, 0x000000008c800000, 0x000000008c900000|  0%| F|  |TAMS 0x000000008c800000, 0x000000008c800000| Untracked 
| 201|0x000000008c900000, 0x000000008c900000, 0x000000008ca00000|  0%| F|  |TAMS 0x000000008c900000, 0x000000008c900000| Untracked 
| 202|0x000000008ca00000, 0x000000008ca00000, 0x000000008cb00000|  0%| F|  |TAMS 0x000000008ca00000, 0x000000008ca00000| Untracked 
| 203|0x000000008cb00000, 0x000000008cb00000, 0x000000008cc00000|  0%| F|  |TAMS 0x000000008cb00000, 0x000000008cb00000| Untracked 
| 204|0x000000008cc00000, 0x000000008cc00000, 0x000000008cd00000|  0%| F|  |TAMS 0x000000008cc00000, 0x000000008cc00000| Untracked 
| 205|0x000000008cd00000, 0x000000008cd00000, 0x000000008ce00000|  0%| F|  |TAMS 0x000000008cd00000, 0x000000008cd00000| Untracked 
| 206|0x000000008ce00000, 0x000000008ce00000, 0x000000008cf00000|  0%| F|  |TAMS 0x000000008ce00000, 0x000000008ce00000| Untracked 
| 207|0x000000008cf00000, 0x000000008cf00000, 0x000000008d000000|  0%| F|  |TAMS 0x000000008cf00000, 0x000000008cf00000| Untracked 
| 208|0x000000008d000000, 0x000000008d000000, 0x000000008d100000|  0%| F|  |TAMS 0x000000008d000000, 0x000000008d000000| Untracked 
| 209|0x000000008d100000, 0x000000008d100000, 0x000000008d200000|  0%| F|  |TAMS 0x000000008d100000, 0x000000008d100000| Untracked 
| 210|0x000000008d200000, 0x000000008d200000, 0x000000008d300000|  0%| F|  |TAMS 0x000000008d200000, 0x000000008d200000| Untracked 
| 211|0x000000008d300000, 0x000000008d300000, 0x000000008d400000|  0%| F|  |TAMS 0x000000008d300000, 0x000000008d300000| Untracked 
| 212|0x000000008d400000, 0x000000008d400000, 0x000000008d500000|  0%| F|  |TAMS 0x000000008d400000, 0x000000008d400000| Untracked 
| 213|0x000000008d500000, 0x000000008d500000, 0x000000008d600000|  0%| F|  |TAMS 0x000000008d500000, 0x000000008d500000| Untracked 
| 214|0x000000008d600000, 0x000000008d600000, 0x000000008d700000|  0%| F|  |TAMS 0x000000008d600000, 0x000000008d600000| Untracked 
| 215|0x000000008d700000, 0x000000008d700000, 0x000000008d800000|  0%| F|  |TAMS 0x000000008d700000, 0x000000008d700000| Untracked 
| 216|0x000000008d800000, 0x000000008d800000, 0x000000008d900000|  0%| F|  |TAMS 0x000000008d800000, 0x000000008d800000| Untracked 
| 217|0x000000008d900000, 0x000000008d900000, 0x000000008da00000|  0%| F|  |TAMS 0x000000008d900000, 0x000000008d900000| Untracked 
| 218|0x000000008da00000, 0x000000008da00000, 0x000000008db00000|  0%| F|  |TAMS 0x000000008da00000, 0x000000008da00000| Untracked 
| 219|0x000000008db00000, 0x000000008db00000, 0x000000008dc00000|  0%| F|  |TAMS 0x000000008db00000, 0x000000008db00000| Untracked 
| 220|0x000000008dc00000, 0x000000008dc00000, 0x000000008dd00000|  0%| F|  |TAMS 0x000000008dc00000, 0x000000008dc00000| Untracked 
| 221|0x000000008dd00000, 0x000000008dd00000, 0x000000008de00000|  0%| F|  |TAMS 0x000000008dd00000, 0x000000008dd00000| Untracked 
| 222|0x000000008de00000, 0x000000008de00000, 0x000000008df00000|  0%| F|  |TAMS 0x000000008de00000, 0x000000008de00000| Untracked 
| 223|0x000000008df00000, 0x000000008df00000, 0x000000008e000000|  0%| F|  |TAMS 0x000000008df00000, 0x000000008df00000| Untracked 
| 224|0x000000008e000000, 0x000000008e000000, 0x000000008e100000|  0%| F|  |TAMS 0x000000008e000000, 0x000000008e000000| Untracked 
| 225|0x000000008e100000, 0x000000008e100000, 0x000000008e200000|  0%| F|  |TAMS 0x000000008e100000, 0x000000008e100000| Untracked 
| 226|0x000000008e200000, 0x000000008e200000, 0x000000008e300000|  0%| F|  |TAMS 0x000000008e200000, 0x000000008e200000| Untracked 
| 227|0x000000008e300000, 0x000000008e300000, 0x000000008e400000|  0%| F|  |TAMS 0x000000008e300000, 0x000000008e300000| Untracked 
| 228|0x000000008e400000, 0x000000008e400000, 0x000000008e500000|  0%| F|  |TAMS 0x000000008e400000, 0x000000008e400000| Untracked 
| 229|0x000000008e500000, 0x000000008e500000, 0x000000008e600000|  0%| F|  |TAMS 0x000000008e500000, 0x000000008e500000| Untracked 
| 230|0x000000008e600000, 0x000000008e600000, 0x000000008e700000|  0%| F|  |TAMS 0x000000008e600000, 0x000000008e600000| Untracked 
| 231|0x000000008e700000, 0x000000008e700000, 0x000000008e800000|  0%| F|  |TAMS 0x000000008e700000, 0x000000008e700000| Untracked 
| 232|0x000000008e800000, 0x000000008e800000, 0x000000008e900000|  0%| F|  |TAMS 0x000000008e800000, 0x000000008e800000| Untracked 
| 233|0x000000008e900000, 0x000000008e900000, 0x000000008ea00000|  0%| F|  |TAMS 0x000000008e900000, 0x000000008e900000| Untracked 
| 234|0x000000008ea00000, 0x000000008ea00000, 0x000000008eb00000|  0%| F|  |TAMS 0x000000008ea00000, 0x000000008ea00000| Untracked 
| 235|0x000000008eb00000, 0x000000008eb00000, 0x000000008ec00000|  0%| F|  |TAMS 0x000000008eb00000, 0x000000008eb00000| Untracked 
| 236|0x000000008ec00000, 0x000000008ec00000, 0x000000008ed00000|  0%| F|  |TAMS 0x000000008ec00000, 0x000000008ec00000| Untracked 
| 237|0x000000008ed00000, 0x000000008ed00000, 0x000000008ee00000|  0%| F|  |TAMS 0x000000008ed00000, 0x000000008ed00000| Untracked 
| 238|0x000000008ee00000, 0x000000008ee00000, 0x000000008ef00000|  0%| F|  |TAMS 0x000000008ee00000, 0x000000008ee00000| Untracked 
| 239|0x000000008ef00000, 0x000000008ef00000, 0x000000008f000000|  0%| F|  |TAMS 0x000000008ef00000, 0x000000008ef00000| Untracked 
| 240|0x000000008f000000, 0x000000008f000000, 0x000000008f100000|  0%| F|  |TAMS 0x000000008f000000, 0x000000008f000000| Untracked 
| 241|0x000000008f100000, 0x000000008f100000, 0x000000008f200000|  0%| F|  |TAMS 0x000000008f100000, 0x000000008f100000| Untracked 
| 242|0x000000008f200000, 0x000000008f200000, 0x000000008f300000|  0%| F|  |TAMS 0x000000008f200000, 0x000000008f200000| Untracked 
| 243|0x000000008f300000, 0x000000008f300000, 0x000000008f400000|  0%| F|  |TAMS 0x000000008f300000, 0x000000008f300000| Untracked 
| 244|0x000000008f400000, 0x000000008f400000, 0x000000008f500000|  0%| F|  |TAMS 0x000000008f400000, 0x000000008f400000| Untracked 
| 245|0x000000008f500000, 0x000000008f500000, 0x000000008f600000|  0%| F|  |TAMS 0x000000008f500000, 0x000000008f500000| Untracked 
| 246|0x000000008f600000, 0x000000008f600000, 0x000000008f700000|  0%| F|  |TAMS 0x000000008f600000, 0x000000008f600000| Untracked 
| 247|0x000000008f700000, 0x000000008f700000, 0x000000008f800000|  0%| F|  |TAMS 0x000000008f700000, 0x000000008f700000| Untracked 
| 248|0x000000008f800000, 0x000000008f800000, 0x000000008f900000|  0%| F|  |TAMS 0x000000008f800000, 0x000000008f800000| Untracked 
| 249|0x000000008f900000, 0x000000008f900000, 0x000000008fa00000|  0%| F|  |TAMS 0x000000008f900000, 0x000000008f900000| Untracked 
| 250|0x000000008fa00000, 0x000000008fa00000, 0x000000008fb00000|  0%| F|  |TAMS 0x000000008fa00000, 0x000000008fa00000| Untracked 
| 251|0x000000008fb00000, 0x000000008fb00000, 0x000000008fc00000|  0%| F|  |TAMS 0x000000008fb00000, 0x000000008fb00000| Untracked 
| 252|0x000000008fc00000, 0x000000008fc00000, 0x000000008fd00000|  0%| F|  |TAMS 0x000000008fc00000, 0x000000008fc00000| Untracked 
| 253|0x000000008fd00000, 0x000000008fd00000, 0x000000008fe00000|  0%| F|  |TAMS 0x000000008fd00000, 0x000000008fd00000| Untracked 
| 254|0x000000008fe00000, 0x000000008fe00000, 0x000000008ff00000|  0%| F|  |TAMS 0x000000008fe00000, 0x000000008fe00000| Untracked 
| 255|0x000000008ff00000, 0x000000008ff00000, 0x0000000090000000|  0%| F|  |TAMS 0x000000008ff00000, 0x000000008ff00000| Untracked 
| 256|0x0000000090000000, 0x0000000090000000, 0x0000000090100000|  0%| F|  |TAMS 0x0000000090000000, 0x0000000090000000| Untracked 
| 257|0x0000000090100000, 0x0000000090100000, 0x0000000090200000|  0%| F|  |TAMS 0x0000000090100000, 0x0000000090100000| Untracked 
| 258|0x0000000090200000, 0x0000000090200000, 0x0000000090300000|  0%| F|  |TAMS 0x0000000090200000, 0x0000000090200000| Untracked 
| 259|0x0000000090300000, 0x0000000090300000, 0x0000000090400000|  0%| F|  |TAMS 0x0000000090300000, 0x0000000090300000| Untracked 
| 260|0x0000000090400000, 0x0000000090400000, 0x0000000090500000|  0%| F|  |TAMS 0x0000000090400000, 0x0000000090400000| Untracked 
| 261|0x0000000090500000, 0x0000000090500000, 0x0000000090600000|  0%| F|  |TAMS 0x0000000090500000, 0x0000000090500000| Untracked 
| 262|0x0000000090600000, 0x0000000090600000, 0x0000000090700000|  0%| F|  |TAMS 0x0000000090600000, 0x0000000090600000| Untracked 
| 263|0x0000000090700000, 0x0000000090700000, 0x0000000090800000|  0%| F|  |TAMS 0x0000000090700000, 0x0000000090700000| Untracked 
| 264|0x0000000090800000, 0x0000000090800000, 0x0000000090900000|  0%| F|  |TAMS 0x0000000090800000, 0x0000000090800000| Untracked 
| 265|0x0000000090900000, 0x0000000090900000, 0x0000000090a00000|  0%| F|  |TAMS 0x0000000090900000, 0x0000000090900000| Untracked 
| 266|0x0000000090a00000, 0x0000000090a00000, 0x0000000090b00000|  0%| F|  |TAMS 0x0000000090a00000, 0x0000000090a00000| Untracked 
| 267|0x0000000090b00000, 0x0000000090b00000, 0x0000000090c00000|  0%| F|  |TAMS 0x0000000090b00000, 0x0000000090b00000| Untracked 
| 268|0x0000000090c00000, 0x0000000090c00000, 0x0000000090d00000|  0%| F|  |TAMS 0x0000000090c00000, 0x0000000090c00000| Untracked 
| 269|0x0000000090d00000, 0x0000000090d00000, 0x0000000090e00000|  0%| F|  |TAMS 0x0000000090d00000, 0x0000000090d00000| Untracked 
| 270|0x0000000090e00000, 0x0000000090e00000, 0x0000000090f00000|  0%| F|  |TAMS 0x0000000090e00000, 0x0000000090e00000| Untracked 
| 271|0x0000000090f00000, 0x0000000090f00000, 0x0000000091000000|  0%| F|  |TAMS 0x0000000090f00000, 0x0000000090f00000| Untracked 
| 272|0x0000000091000000, 0x0000000091000000, 0x0000000091100000|  0%| F|  |TAMS 0x0000000091000000, 0x0000000091000000| Untracked 
| 273|0x0000000091100000, 0x0000000091100000, 0x0000000091200000|  0%| F|  |TAMS 0x0000000091100000, 0x0000000091100000| Untracked 
| 274|0x0000000091200000, 0x0000000091200000, 0x0000000091300000|  0%| F|  |TAMS 0x0000000091200000, 0x0000000091200000| Untracked 
| 275|0x0000000091300000, 0x0000000091300000, 0x0000000091400000|  0%| F|  |TAMS 0x0000000091300000, 0x0000000091300000| Untracked 
| 276|0x0000000091400000, 0x0000000091400000, 0x0000000091500000|  0%| F|  |TAMS 0x0000000091400000, 0x0000000091400000| Untracked 
| 277|0x0000000091500000, 0x0000000091500000, 0x0000000091600000|  0%| F|  |TAMS 0x0000000091500000, 0x0000000091500000| Untracked 
| 278|0x0000000091600000, 0x0000000091600000, 0x0000000091700000|  0%| F|  |TAMS 0x0000000091600000, 0x0000000091600000| Untracked 
| 279|0x0000000091700000, 0x0000000091700000, 0x0000000091800000|  0%| F|  |TAMS 0x0000000091700000, 0x0000000091700000| Untracked 
| 280|0x0000000091800000, 0x0000000091800000, 0x0000000091900000|  0%| F|  |TAMS 0x0000000091800000, 0x0000000091800000| Untracked 
| 281|0x0000000091900000, 0x0000000091900000, 0x0000000091a00000|  0%| F|  |TAMS 0x0000000091900000, 0x0000000091900000| Untracked 
| 282|0x0000000091a00000, 0x0000000091a00000, 0x0000000091b00000|  0%| F|  |TAMS 0x0000000091a00000, 0x0000000091a00000| Untracked 
| 283|0x0000000091b00000, 0x0000000091b00000, 0x0000000091c00000|  0%| F|  |TAMS 0x0000000091b00000, 0x0000000091b00000| Untracked 
| 284|0x0000000091c00000, 0x0000000091c00000, 0x0000000091d00000|  0%| F|  |TAMS 0x0000000091c00000, 0x0000000091c00000| Untracked 
| 285|0x0000000091d00000, 0x0000000091d00000, 0x0000000091e00000|  0%| F|  |TAMS 0x0000000091d00000, 0x0000000091d00000| Untracked 
| 286|0x0000000091e00000, 0x0000000091e00000, 0x0000000091f00000|  0%| F|  |TAMS 0x0000000091e00000, 0x0000000091e00000| Untracked 
| 287|0x0000000091f00000, 0x0000000091f00000, 0x0000000092000000|  0%| F|  |TAMS 0x0000000091f00000, 0x0000000091f00000| Untracked 
| 288|0x0000000092000000, 0x0000000092000000, 0x0000000092100000|  0%| F|  |TAMS 0x0000000092000000, 0x0000000092000000| Untracked 
| 289|0x0000000092100000, 0x0000000092100000, 0x0000000092200000|  0%| F|  |TAMS 0x0000000092100000, 0x0000000092100000| Untracked 
| 290|0x0000000092200000, 0x0000000092200000, 0x0000000092300000|  0%| F|  |TAMS 0x0000000092200000, 0x0000000092200000| Untracked 
| 291|0x0000000092300000, 0x0000000092300000, 0x0000000092400000|  0%| F|  |TAMS 0x0000000092300000, 0x0000000092300000| Untracked 
| 292|0x0000000092400000, 0x0000000092400000, 0x0000000092500000|  0%| F|  |TAMS 0x0000000092400000, 0x0000000092400000| Untracked 
| 293|0x0000000092500000, 0x0000000092500000, 0x0000000092600000|  0%| F|  |TAMS 0x0000000092500000, 0x0000000092500000| Untracked 
| 294|0x0000000092600000, 0x0000000092600000, 0x0000000092700000|  0%| F|  |TAMS 0x0000000092600000, 0x0000000092600000| Untracked 
| 295|0x0000000092700000, 0x0000000092700000, 0x0000000092800000|  0%| F|  |TAMS 0x0000000092700000, 0x0000000092700000| Untracked 
| 296|0x0000000092800000, 0x0000000092800000, 0x0000000092900000|  0%| F|  |TAMS 0x0000000092800000, 0x0000000092800000| Untracked 
| 297|0x0000000092900000, 0x0000000092900000, 0x0000000092a00000|  0%| F|  |TAMS 0x0000000092900000, 0x0000000092900000| Untracked 
| 298|0x0000000092a00000, 0x0000000092a00000, 0x0000000092b00000|  0%| F|  |TAMS 0x0000000092a00000, 0x0000000092a00000| Untracked 
| 299|0x0000000092b00000, 0x0000000092b00000, 0x0000000092c00000|  0%| F|  |TAMS 0x0000000092b00000, 0x0000000092b00000| Untracked 
| 300|0x0000000092c00000, 0x0000000092c00000, 0x0000000092d00000|  0%| F|  |TAMS 0x0000000092c00000, 0x0000000092c00000| Untracked 
| 301|0x0000000092d00000, 0x0000000092d00000, 0x0000000092e00000|  0%| F|  |TAMS 0x0000000092d00000, 0x0000000092d00000| Untracked 
| 302|0x0000000092e00000, 0x0000000092e00000, 0x0000000092f00000|  0%| F|  |TAMS 0x0000000092e00000, 0x0000000092e00000| Untracked 
| 303|0x0000000092f00000, 0x0000000092f00000, 0x0000000093000000|  0%| F|  |TAMS 0x0000000092f00000, 0x0000000092f00000| Untracked 
| 304|0x0000000093000000, 0x0000000093000000, 0x0000000093100000|  0%| F|  |TAMS 0x0000000093000000, 0x0000000093000000| Untracked 
| 305|0x0000000093100000, 0x0000000093100000, 0x0000000093200000|  0%| F|  |TAMS 0x0000000093100000, 0x0000000093100000| Untracked 
| 306|0x0000000093200000, 0x0000000093200000, 0x0000000093300000|  0%| F|  |TAMS 0x0000000093200000, 0x0000000093200000| Untracked 
| 307|0x0000000093300000, 0x0000000093300000, 0x0000000093400000|  0%| F|  |TAMS 0x0000000093300000, 0x0000000093300000| Untracked 
| 308|0x0000000093400000, 0x0000000093400000, 0x0000000093500000|  0%| F|  |TAMS 0x0000000093400000, 0x0000000093400000| Untracked 
| 309|0x0000000093500000, 0x0000000093500000, 0x0000000093600000|  0%| F|  |TAMS 0x0000000093500000, 0x0000000093500000| Untracked 
| 310|0x0000000093600000, 0x0000000093600000, 0x0000000093700000|  0%| F|  |TAMS 0x0000000093600000, 0x0000000093600000| Untracked 
| 311|0x0000000093700000, 0x0000000093700000, 0x0000000093800000|  0%| F|  |TAMS 0x0000000093700000, 0x0000000093700000| Untracked 
| 312|0x0000000093800000, 0x0000000093800000, 0x0000000093900000|  0%| F|  |TAMS 0x0000000093800000, 0x0000000093800000| Untracked 
| 313|0x0000000093900000, 0x0000000093900000, 0x0000000093a00000|  0%| F|  |TAMS 0x0000000093900000, 0x0000000093900000| Untracked 
| 314|0x0000000093a00000, 0x0000000093a00000, 0x0000000093b00000|  0%| F|  |TAMS 0x0000000093a00000, 0x0000000093a00000| Untracked 
| 315|0x0000000093b00000, 0x0000000093b00000, 0x0000000093c00000|  0%| F|  |TAMS 0x0000000093b00000, 0x0000000093b00000| Untracked 
| 316|0x0000000093c00000, 0x0000000093c00000, 0x0000000093d00000|  0%| F|  |TAMS 0x0000000093c00000, 0x0000000093c00000| Untracked 
| 317|0x0000000093d00000, 0x0000000093d00000, 0x0000000093e00000|  0%| F|  |TAMS 0x0000000093d00000, 0x0000000093d00000| Untracked 
| 318|0x0000000093e00000, 0x0000000093e00000, 0x0000000093f00000|  0%| F|  |TAMS 0x0000000093e00000, 0x0000000093e00000| Untracked 
| 319|0x0000000093f00000, 0x0000000093f00000, 0x0000000094000000|  0%| F|  |TAMS 0x0000000093f00000, 0x0000000093f00000| Untracked 
| 320|0x0000000094000000, 0x0000000094000000, 0x0000000094100000|  0%| F|  |TAMS 0x0000000094000000, 0x0000000094000000| Untracked 
| 321|0x0000000094100000, 0x0000000094100000, 0x0000000094200000|  0%| F|  |TAMS 0x0000000094100000, 0x0000000094100000| Untracked 
| 322|0x0000000094200000, 0x0000000094200000, 0x0000000094300000|  0%| F|  |TAMS 0x0000000094200000, 0x0000000094200000| Untracked 
| 323|0x0000000094300000, 0x0000000094300000, 0x0000000094400000|  0%| F|  |TAMS 0x0000000094300000, 0x0000000094300000| Untracked 
| 324|0x0000000094400000, 0x0000000094400000, 0x0000000094500000|  0%| F|  |TAMS 0x0000000094400000, 0x0000000094400000| Untracked 
| 325|0x0000000094500000, 0x0000000094500000, 0x0000000094600000|  0%| F|  |TAMS 0x0000000094500000, 0x0000000094500000| Untracked 
| 326|0x0000000094600000, 0x0000000094600000, 0x0000000094700000|  0%| F|  |TAMS 0x0000000094600000, 0x0000000094600000| Untracked 
| 327|0x0000000094700000, 0x0000000094700000, 0x0000000094800000|  0%| F|  |TAMS 0x0000000094700000, 0x0000000094700000| Untracked 
| 328|0x0000000094800000, 0x0000000094800000, 0x0000000094900000|  0%| F|  |TAMS 0x0000000094800000, 0x0000000094800000| Untracked 
| 329|0x0000000094900000, 0x0000000094900000, 0x0000000094a00000|  0%| F|  |TAMS 0x0000000094900000, 0x0000000094900000| Untracked 
| 330|0x0000000094a00000, 0x0000000094a00000, 0x0000000094b00000|  0%| F|  |TAMS 0x0000000094a00000, 0x0000000094a00000| Untracked 
| 331|0x0000000094b00000, 0x0000000094b00000, 0x0000000094c00000|  0%| F|  |TAMS 0x0000000094b00000, 0x0000000094b00000| Untracked 
| 332|0x0000000094c00000, 0x0000000094c00000, 0x0000000094d00000|  0%| F|  |TAMS 0x0000000094c00000, 0x0000000094c00000| Untracked 
| 333|0x0000000094d00000, 0x0000000094d00000, 0x0000000094e00000|  0%| F|  |TAMS 0x0000000094d00000, 0x0000000094d00000| Untracked 
| 334|0x0000000094e00000, 0x0000000094e00000, 0x0000000094f00000|  0%| F|  |TAMS 0x0000000094e00000, 0x0000000094e00000| Untracked 
| 335|0x0000000094f00000, 0x0000000094f00000, 0x0000000095000000|  0%| F|  |TAMS 0x0000000094f00000, 0x0000000094f00000| Untracked 
| 336|0x0000000095000000, 0x0000000095000000, 0x0000000095100000|  0%| F|  |TAMS 0x0000000095000000, 0x0000000095000000| Untracked 
| 337|0x0000000095100000, 0x0000000095100000, 0x0000000095200000|  0%| F|  |TAMS 0x0000000095100000, 0x0000000095100000| Untracked 
| 338|0x0000000095200000, 0x0000000095200000, 0x0000000095300000|  0%| F|  |TAMS 0x0000000095200000, 0x0000000095200000| Untracked 
| 339|0x0000000095300000, 0x0000000095300000, 0x0000000095400000|  0%| F|  |TAMS 0x0000000095300000, 0x0000000095300000| Untracked 
| 340|0x0000000095400000, 0x0000000095400000, 0x0000000095500000|  0%| F|  |TAMS 0x0000000095400000, 0x0000000095400000| Untracked 
| 341|0x0000000095500000, 0x0000000095500000, 0x0000000095600000|  0%| F|  |TAMS 0x0000000095500000, 0x0000000095500000| Untracked 
| 342|0x0000000095600000, 0x0000000095600000, 0x0000000095700000|  0%| F|  |TAMS 0x0000000095600000, 0x0000000095600000| Untracked 
| 343|0x0000000095700000, 0x0000000095700000, 0x0000000095800000|  0%| F|  |TAMS 0x0000000095700000, 0x0000000095700000| Untracked 
| 344|0x0000000095800000, 0x0000000095800000, 0x0000000095900000|  0%| F|  |TAMS 0x0000000095800000, 0x0000000095800000| Untracked 
| 345|0x0000000095900000, 0x0000000095900000, 0x0000000095a00000|  0%| F|  |TAMS 0x0000000095900000, 0x0000000095900000| Untracked 
| 346|0x0000000095a00000, 0x0000000095a00000, 0x0000000095b00000|  0%| F|  |TAMS 0x0000000095a00000, 0x0000000095a00000| Untracked 
| 347|0x0000000095b00000, 0x0000000095b00000, 0x0000000095c00000|  0%| F|  |TAMS 0x0000000095b00000, 0x0000000095b00000| Untracked 
| 348|0x0000000095c00000, 0x0000000095c00000, 0x0000000095d00000|  0%| F|  |TAMS 0x0000000095c00000, 0x0000000095c00000| Untracked 
| 349|0x0000000095d00000, 0x0000000095d00000, 0x0000000095e00000|  0%| F|  |TAMS 0x0000000095d00000, 0x0000000095d00000| Untracked 
| 350|0x0000000095e00000, 0x0000000095e00000, 0x0000000095f00000|  0%| F|  |TAMS 0x0000000095e00000, 0x0000000095e00000| Untracked 
| 351|0x0000000095f00000, 0x0000000095f00000, 0x0000000096000000|  0%| F|  |TAMS 0x0000000095f00000, 0x0000000095f00000| Untracked 
| 352|0x0000000096000000, 0x0000000096000000, 0x0000000096100000|  0%| F|  |TAMS 0x0000000096000000, 0x0000000096000000| Untracked 
| 353|0x0000000096100000, 0x0000000096100000, 0x0000000096200000|  0%| F|  |TAMS 0x0000000096100000, 0x0000000096100000| Untracked 
| 354|0x0000000096200000, 0x0000000096200000, 0x0000000096300000|  0%| F|  |TAMS 0x0000000096200000, 0x0000000096200000| Untracked 
| 355|0x0000000096300000, 0x0000000096300000, 0x0000000096400000|  0%| F|  |TAMS 0x0000000096300000, 0x0000000096300000| Untracked 
| 356|0x0000000096400000, 0x0000000096400000, 0x0000000096500000|  0%| F|  |TAMS 0x0000000096400000, 0x0000000096400000| Untracked 
| 357|0x0000000096500000, 0x0000000096500000, 0x0000000096600000|  0%| F|  |TAMS 0x0000000096500000, 0x0000000096500000| Untracked 
| 358|0x0000000096600000, 0x0000000096600000, 0x0000000096700000|  0%| F|  |TAMS 0x0000000096600000, 0x0000000096600000| Untracked 
| 359|0x0000000096700000, 0x0000000096700000, 0x0000000096800000|  0%| F|  |TAMS 0x0000000096700000, 0x0000000096700000| Untracked 
| 360|0x0000000096800000, 0x0000000096800000, 0x0000000096900000|  0%| F|  |TAMS 0x0000000096800000, 0x0000000096800000| Untracked 
| 361|0x0000000096900000, 0x0000000096900000, 0x0000000096a00000|  0%| F|  |TAMS 0x0000000096900000, 0x0000000096900000| Untracked 
| 362|0x0000000096a00000, 0x0000000096a00000, 0x0000000096b00000|  0%| F|  |TAMS 0x0000000096a00000, 0x0000000096a00000| Untracked 
| 363|0x0000000096b00000, 0x0000000096b00000, 0x0000000096c00000|  0%| F|  |TAMS 0x0000000096b00000, 0x0000000096b00000| Untracked 
| 364|0x0000000096c00000, 0x0000000096c00000, 0x0000000096d00000|  0%| F|  |TAMS 0x0000000096c00000, 0x0000000096c00000| Untracked 
| 365|0x0000000096d00000, 0x0000000096d00000, 0x0000000096e00000|  0%| F|  |TAMS 0x0000000096d00000, 0x0000000096d00000| Untracked 
| 366|0x0000000096e00000, 0x0000000096e00000, 0x0000000096f00000|  0%| F|  |TAMS 0x0000000096e00000, 0x0000000096e00000| Untracked 
| 367|0x0000000096f00000, 0x0000000096f00000, 0x0000000097000000|  0%| F|  |TAMS 0x0000000096f00000, 0x0000000096f00000| Untracked 
| 368|0x0000000097000000, 0x0000000097000000, 0x0000000097100000|  0%| F|  |TAMS 0x0000000097000000, 0x0000000097000000| Untracked 
| 369|0x0000000097100000, 0x0000000097100000, 0x0000000097200000|  0%| F|  |TAMS 0x0000000097100000, 0x0000000097100000| Untracked 
| 370|0x0000000097200000, 0x0000000097200000, 0x0000000097300000|  0%| F|  |TAMS 0x0000000097200000, 0x0000000097200000| Untracked 
| 371|0x0000000097300000, 0x0000000097300000, 0x0000000097400000|  0%| F|  |TAMS 0x0000000097300000, 0x0000000097300000| Untracked 
| 372|0x0000000097400000, 0x0000000097400000, 0x0000000097500000|  0%| F|  |TAMS 0x0000000097400000, 0x0000000097400000| Untracked 
| 373|0x0000000097500000, 0x0000000097500000, 0x0000000097600000|  0%| F|  |TAMS 0x0000000097500000, 0x0000000097500000| Untracked 
| 374|0x0000000097600000, 0x0000000097600000, 0x0000000097700000|  0%| F|  |TAMS 0x0000000097600000, 0x0000000097600000| Untracked 
| 375|0x0000000097700000, 0x0000000097700000, 0x0000000097800000|  0%| F|  |TAMS 0x0000000097700000, 0x0000000097700000| Untracked 
| 376|0x0000000097800000, 0x0000000097800000, 0x0000000097900000|  0%| F|  |TAMS 0x0000000097800000, 0x0000000097800000| Untracked 
| 377|0x0000000097900000, 0x0000000097900000, 0x0000000097a00000|  0%| F|  |TAMS 0x0000000097900000, 0x0000000097900000| Untracked 
| 378|0x0000000097a00000, 0x0000000097a00000, 0x0000000097b00000|  0%| F|  |TAMS 0x0000000097a00000, 0x0000000097a00000| Untracked 
| 379|0x0000000097b00000, 0x0000000097b00000, 0x0000000097c00000|  0%| F|  |TAMS 0x0000000097b00000, 0x0000000097b00000| Untracked 
| 380|0x0000000097c00000, 0x0000000097c00000, 0x0000000097d00000|  0%| F|  |TAMS 0x0000000097c00000, 0x0000000097c00000| Untracked 
| 381|0x0000000097d00000, 0x0000000097d00000, 0x0000000097e00000|  0%| F|  |TAMS 0x0000000097d00000, 0x0000000097d00000| Untracked 
| 382|0x0000000097e00000, 0x0000000097e00000, 0x0000000097f00000|  0%| F|  |TAMS 0x0000000097e00000, 0x0000000097e00000| Untracked 
| 383|0x0000000097f00000, 0x0000000097f00000, 0x0000000098000000|  0%| F|  |TAMS 0x0000000097f00000, 0x0000000097f00000| Untracked 
| 384|0x0000000098000000, 0x0000000098000000, 0x0000000098100000|  0%| F|  |TAMS 0x0000000098000000, 0x0000000098000000| Untracked 
| 385|0x0000000098100000, 0x0000000098100000, 0x0000000098200000|  0%| F|  |TAMS 0x0000000098100000, 0x0000000098100000| Untracked 
| 386|0x0000000098200000, 0x0000000098200000, 0x0000000098300000|  0%| F|  |TAMS 0x0000000098200000, 0x0000000098200000| Untracked 
| 387|0x0000000098300000, 0x0000000098300000, 0x0000000098400000|  0%| F|  |TAMS 0x0000000098300000, 0x0000000098300000| Untracked 
| 388|0x0000000098400000, 0x0000000098400000, 0x0000000098500000|  0%| F|  |TAMS 0x0000000098400000, 0x0000000098400000| Untracked 
| 389|0x0000000098500000, 0x0000000098500000, 0x0000000098600000|  0%| F|  |TAMS 0x0000000098500000, 0x0000000098500000| Untracked 
| 390|0x0000000098600000, 0x0000000098600000, 0x0000000098700000|  0%| F|  |TAMS 0x0000000098600000, 0x0000000098600000| Untracked 
| 391|0x0000000098700000, 0x0000000098700000, 0x0000000098800000|  0%| F|  |TAMS 0x0000000098700000, 0x0000000098700000| Untracked 
| 392|0x0000000098800000, 0x0000000098800000, 0x0000000098900000|  0%| F|  |TAMS 0x0000000098800000, 0x0000000098800000| Untracked 
| 393|0x0000000098900000, 0x0000000098900000, 0x0000000098a00000|  0%| F|  |TAMS 0x0000000098900000, 0x0000000098900000| Untracked 
| 394|0x0000000098a00000, 0x0000000098a00000, 0x0000000098b00000|  0%| F|  |TAMS 0x0000000098a00000, 0x0000000098a00000| Untracked 
| 395|0x0000000098b00000, 0x0000000098b00000, 0x0000000098c00000|  0%| F|  |TAMS 0x0000000098b00000, 0x0000000098b00000| Untracked 
| 396|0x0000000098c00000, 0x0000000098c00000, 0x0000000098d00000|  0%| F|  |TAMS 0x0000000098c00000, 0x0000000098c00000| Untracked 
| 397|0x0000000098d00000, 0x0000000098d00000, 0x0000000098e00000|  0%| F|  |TAMS 0x0000000098d00000, 0x0000000098d00000| Untracked 
| 398|0x0000000098e00000, 0x0000000098e00000, 0x0000000098f00000|  0%| F|  |TAMS 0x0000000098e00000, 0x0000000098e00000| Untracked 
| 399|0x0000000098f00000, 0x0000000098f00000, 0x0000000099000000|  0%| F|  |TAMS 0x0000000098f00000, 0x0000000098f00000| Untracked 
| 400|0x0000000099000000, 0x0000000099000000, 0x0000000099100000|  0%| F|  |TAMS 0x0000000099000000, 0x0000000099000000| Untracked 
| 401|0x0000000099100000, 0x0000000099100000, 0x0000000099200000|  0%| F|  |TAMS 0x0000000099100000, 0x0000000099100000| Untracked 
| 402|0x0000000099200000, 0x0000000099200000, 0x0000000099300000|  0%| F|  |TAMS 0x0000000099200000, 0x0000000099200000| Untracked 
| 403|0x0000000099300000, 0x0000000099300000, 0x0000000099400000|  0%| F|  |TAMS 0x0000000099300000, 0x0000000099300000| Untracked 
| 404|0x0000000099400000, 0x0000000099400000, 0x0000000099500000|  0%| F|  |TAMS 0x0000000099400000, 0x0000000099400000| Untracked 
| 405|0x0000000099500000, 0x0000000099500000, 0x0000000099600000|  0%| F|  |TAMS 0x0000000099500000, 0x0000000099500000| Untracked 
| 406|0x0000000099600000, 0x0000000099600000, 0x0000000099700000|  0%| F|  |TAMS 0x0000000099600000, 0x0000000099600000| Untracked 
| 407|0x0000000099700000, 0x0000000099700000, 0x0000000099800000|  0%| F|  |TAMS 0x0000000099700000, 0x0000000099700000| Untracked 
| 408|0x0000000099800000, 0x0000000099800000, 0x0000000099900000|  0%| F|  |TAMS 0x0000000099800000, 0x0000000099800000| Untracked 
| 409|0x0000000099900000, 0x0000000099900000, 0x0000000099a00000|  0%| F|  |TAMS 0x0000000099900000, 0x0000000099900000| Untracked 
| 410|0x0000000099a00000, 0x0000000099a00000, 0x0000000099b00000|  0%| F|  |TAMS 0x0000000099a00000, 0x0000000099a00000| Untracked 
| 411|0x0000000099b00000, 0x0000000099b00000, 0x0000000099c00000|  0%| F|  |TAMS 0x0000000099b00000, 0x0000000099b00000| Untracked 
| 412|0x0000000099c00000, 0x0000000099c00000, 0x0000000099d00000|  0%| F|  |TAMS 0x0000000099c00000, 0x0000000099c00000| Untracked 
| 413|0x0000000099d00000, 0x0000000099d00000, 0x0000000099e00000|  0%| F|  |TAMS 0x0000000099d00000, 0x0000000099d00000| Untracked 
| 414|0x0000000099e00000, 0x0000000099e00000, 0x0000000099f00000|  0%| F|  |TAMS 0x0000000099e00000, 0x0000000099e00000| Untracked 
| 415|0x0000000099f00000, 0x0000000099f00000, 0x000000009a000000|  0%| F|  |TAMS 0x0000000099f00000, 0x0000000099f00000| Untracked 
| 416|0x000000009a000000, 0x000000009a000000, 0x000000009a100000|  0%| F|  |TAMS 0x000000009a000000, 0x000000009a000000| Untracked 
| 417|0x000000009a100000, 0x000000009a100000, 0x000000009a200000|  0%| F|  |TAMS 0x000000009a100000, 0x000000009a100000| Untracked 
| 418|0x000000009a200000, 0x000000009a200000, 0x000000009a300000|  0%| F|  |TAMS 0x000000009a200000, 0x000000009a200000| Untracked 
| 419|0x000000009a300000, 0x000000009a300000, 0x000000009a400000|  0%| F|  |TAMS 0x000000009a300000, 0x000000009a300000| Untracked 
| 420|0x000000009a400000, 0x000000009a400000, 0x000000009a500000|  0%| F|  |TAMS 0x000000009a400000, 0x000000009a400000| Untracked 
| 421|0x000000009a500000, 0x000000009a500000, 0x000000009a600000|  0%| F|  |TAMS 0x000000009a500000, 0x000000009a500000| Untracked 
| 422|0x000000009a600000, 0x000000009a600000, 0x000000009a700000|  0%| F|  |TAMS 0x000000009a600000, 0x000000009a600000| Untracked 
| 423|0x000000009a700000, 0x000000009a700000, 0x000000009a800000|  0%| F|  |TAMS 0x000000009a700000, 0x000000009a700000| Untracked 
| 424|0x000000009a800000, 0x000000009a800000, 0x000000009a900000|  0%| F|  |TAMS 0x000000009a800000, 0x000000009a800000| Untracked 
| 425|0x000000009a900000, 0x000000009a900000, 0x000000009aa00000|  0%| F|  |TAMS 0x000000009a900000, 0x000000009a900000| Untracked 
| 426|0x000000009aa00000, 0x000000009aa00000, 0x000000009ab00000|  0%| F|  |TAMS 0x000000009aa00000, 0x000000009aa00000| Untracked 
| 427|0x000000009ab00000, 0x000000009ab00000, 0x000000009ac00000|  0%| F|  |TAMS 0x000000009ab00000, 0x000000009ab00000| Untracked 
| 428|0x000000009ac00000, 0x000000009ac00000, 0x000000009ad00000|  0%| F|  |TAMS 0x000000009ac00000, 0x000000009ac00000| Untracked 
| 429|0x000000009ad00000, 0x000000009ad00000, 0x000000009ae00000|  0%| F|  |TAMS 0x000000009ad00000, 0x000000009ad00000| Untracked 
| 430|0x000000009ae00000, 0x000000009ae00000, 0x000000009af00000|  0%| F|  |TAMS 0x000000009ae00000, 0x000000009ae00000| Untracked 
| 431|0x000000009af00000, 0x000000009af00000, 0x000000009b000000|  0%| F|  |TAMS 0x000000009af00000, 0x000000009af00000| Untracked 
| 432|0x000000009b000000, 0x000000009b000000, 0x000000009b100000|  0%| F|  |TAMS 0x000000009b000000, 0x000000009b000000| Untracked 
| 433|0x000000009b100000, 0x000000009b100000, 0x000000009b200000|  0%| F|  |TAMS 0x000000009b100000, 0x000000009b100000| Untracked 
| 434|0x000000009b200000, 0x000000009b200000, 0x000000009b300000|  0%| F|  |TAMS 0x000000009b200000, 0x000000009b200000| Untracked 
| 435|0x000000009b300000, 0x000000009b300000, 0x000000009b400000|  0%| F|  |TAMS 0x000000009b300000, 0x000000009b300000| Untracked 
| 436|0x000000009b400000, 0x000000009b400000, 0x000000009b500000|  0%| F|  |TAMS 0x000000009b400000, 0x000000009b400000| Untracked 
| 437|0x000000009b500000, 0x000000009b500000, 0x000000009b600000|  0%| F|  |TAMS 0x000000009b500000, 0x000000009b500000| Untracked 
| 438|0x000000009b600000, 0x000000009b600000, 0x000000009b700000|  0%| F|  |TAMS 0x000000009b600000, 0x000000009b600000| Untracked 
| 439|0x000000009b700000, 0x000000009b700000, 0x000000009b800000|  0%| F|  |TAMS 0x000000009b700000, 0x000000009b700000| Untracked 
| 440|0x000000009b800000, 0x000000009b800000, 0x000000009b900000|  0%| F|  |TAMS 0x000000009b800000, 0x000000009b800000| Untracked 
| 441|0x000000009b900000, 0x000000009b900000, 0x000000009ba00000|  0%| F|  |TAMS 0x000000009b900000, 0x000000009b900000| Untracked 
| 442|0x000000009ba00000, 0x000000009ba00000, 0x000000009bb00000|  0%| F|  |TAMS 0x000000009ba00000, 0x000000009ba00000| Untracked 
| 443|0x000000009bb00000, 0x000000009bb00000, 0x000000009bc00000|  0%| F|  |TAMS 0x000000009bb00000, 0x000000009bb00000| Untracked 
| 444|0x000000009bc00000, 0x000000009bc00000, 0x000000009bd00000|  0%| F|  |TAMS 0x000000009bc00000, 0x000000009bc00000| Untracked 
| 445|0x000000009bd00000, 0x000000009bd00000, 0x000000009be00000|  0%| F|  |TAMS 0x000000009bd00000, 0x000000009bd00000| Untracked 
| 446|0x000000009be00000, 0x000000009be00000, 0x000000009bf00000|  0%| F|  |TAMS 0x000000009be00000, 0x000000009be00000| Untracked 
| 447|0x000000009bf00000, 0x000000009bf00000, 0x000000009c000000|  0%| F|  |TAMS 0x000000009bf00000, 0x000000009bf00000| Untracked 
| 448|0x000000009c000000, 0x000000009c000000, 0x000000009c100000|  0%| F|  |TAMS 0x000000009c000000, 0x000000009c000000| Untracked 
| 449|0x000000009c100000, 0x000000009c100000, 0x000000009c200000|  0%| F|  |TAMS 0x000000009c100000, 0x000000009c100000| Untracked 
| 450|0x000000009c200000, 0x000000009c200000, 0x000000009c300000|  0%| F|  |TAMS 0x000000009c200000, 0x000000009c200000| Untracked 
| 451|0x000000009c300000, 0x000000009c300000, 0x000000009c400000|  0%| F|  |TAMS 0x000000009c300000, 0x000000009c300000| Untracked 
| 452|0x000000009c400000, 0x000000009c400000, 0x000000009c500000|  0%| F|  |TAMS 0x000000009c400000, 0x000000009c400000| Untracked 
| 453|0x000000009c500000, 0x000000009c500000, 0x000000009c600000|  0%| F|  |TAMS 0x000000009c500000, 0x000000009c500000| Untracked 
| 454|0x000000009c600000, 0x000000009c600000, 0x000000009c700000|  0%| F|  |TAMS 0x000000009c600000, 0x000000009c600000| Untracked 
| 455|0x000000009c700000, 0x000000009c700000, 0x000000009c800000|  0%| F|  |TAMS 0x000000009c700000, 0x000000009c700000| Untracked 
| 456|0x000000009c800000, 0x000000009c800000, 0x000000009c900000|  0%| F|  |TAMS 0x000000009c800000, 0x000000009c800000| Untracked 
| 457|0x000000009c900000, 0x000000009c900000, 0x000000009ca00000|  0%| F|  |TAMS 0x000000009c900000, 0x000000009c900000| Untracked 
| 458|0x000000009ca00000, 0x000000009ca00000, 0x000000009cb00000|  0%| F|  |TAMS 0x000000009ca00000, 0x000000009ca00000| Untracked 
| 459|0x000000009cb00000, 0x000000009cb00000, 0x000000009cc00000|  0%| F|  |TAMS 0x000000009cb00000, 0x000000009cb00000| Untracked 
| 460|0x000000009cc00000, 0x000000009cc00000, 0x000000009cd00000|  0%| F|  |TAMS 0x000000009cc00000, 0x000000009cc00000| Untracked 
| 461|0x000000009cd00000, 0x000000009cd00000, 0x000000009ce00000|  0%| F|  |TAMS 0x000000009cd00000, 0x000000009cd00000| Untracked 
| 462|0x000000009ce00000, 0x000000009ce00000, 0x000000009cf00000|  0%| F|  |TAMS 0x000000009ce00000, 0x000000009ce00000| Untracked 
| 463|0x000000009cf00000, 0x000000009cf00000, 0x000000009d000000|  0%| F|  |TAMS 0x000000009cf00000, 0x000000009cf00000| Untracked 
| 464|0x000000009d000000, 0x000000009d000000, 0x000000009d100000|  0%| F|  |TAMS 0x000000009d000000, 0x000000009d000000| Untracked 
| 465|0x000000009d100000, 0x000000009d100000, 0x000000009d200000|  0%| F|  |TAMS 0x000000009d100000, 0x000000009d100000| Untracked 
| 466|0x000000009d200000, 0x000000009d200000, 0x000000009d300000|  0%| F|  |TAMS 0x000000009d200000, 0x000000009d200000| Untracked 
| 467|0x000000009d300000, 0x000000009d300000, 0x000000009d400000|  0%| F|  |TAMS 0x000000009d300000, 0x000000009d300000| Untracked 
| 468|0x000000009d400000, 0x000000009d400000, 0x000000009d500000|  0%| F|  |TAMS 0x000000009d400000, 0x000000009d400000| Untracked 
| 469|0x000000009d500000, 0x000000009d500000, 0x000000009d600000|  0%| F|  |TAMS 0x000000009d500000, 0x000000009d500000| Untracked 
| 470|0x000000009d600000, 0x000000009d6ec350, 0x000000009d700000| 92%| S|CS|TAMS 0x000000009d600000, 0x000000009d600000| Complete 
| 471|0x000000009d700000, 0x000000009d800000, 0x000000009d800000|100%| S|CS|TAMS 0x000000009d700000, 0x000000009d700000| Complete 
| 472|0x000000009d800000, 0x000000009d900000, 0x000000009d900000|100%| S|CS|TAMS 0x000000009d800000, 0x000000009d800000| Complete 
| 473|0x000000009d900000, 0x000000009da00000, 0x000000009da00000|100%| S|CS|TAMS 0x000000009d900000, 0x000000009d900000| Complete 
| 474|0x000000009da00000, 0x000000009da00000, 0x000000009db00000|  0%| F|  |TAMS 0x000000009da00000, 0x000000009da00000| Untracked 
| 475|0x000000009db00000, 0x000000009db00000, 0x000000009dc00000|  0%| F|  |TAMS 0x000000009db00000, 0x000000009db00000| Untracked 
| 476|0x000000009dc00000, 0x000000009dc00000, 0x000000009dd00000|  0%| F|  |TAMS 0x000000009dc00000, 0x000000009dc00000| Untracked 
| 477|0x000000009dd00000, 0x000000009dd00000, 0x000000009de00000|  0%| F|  |TAMS 0x000000009dd00000, 0x000000009dd00000| Untracked 
| 478|0x000000009de00000, 0x000000009de00000, 0x000000009df00000|  0%| F|  |TAMS 0x000000009de00000, 0x000000009de00000| Untracked 
| 479|0x000000009df00000, 0x000000009df00000, 0x000000009e000000|  0%| F|  |TAMS 0x000000009df00000, 0x000000009df00000| Untracked 
| 480|0x000000009e000000, 0x000000009e000000, 0x000000009e100000|  0%| F|  |TAMS 0x000000009e000000, 0x000000009e000000| Untracked 
| 481|0x000000009e100000, 0x000000009e100000, 0x000000009e200000|  0%| F|  |TAMS 0x000000009e100000, 0x000000009e100000| Untracked 
| 482|0x000000009e200000, 0x000000009e200000, 0x000000009e300000|  0%| F|  |TAMS 0x000000009e200000, 0x000000009e200000| Untracked 
| 483|0x000000009e300000, 0x000000009e300000, 0x000000009e400000|  0%| F|  |TAMS 0x000000009e300000, 0x000000009e300000| Untracked 
| 484|0x000000009e400000, 0x000000009e400000, 0x000000009e500000|  0%| F|  |TAMS 0x000000009e400000, 0x000000009e400000| Untracked 
| 485|0x000000009e500000, 0x000000009e500000, 0x000000009e600000|  0%| F|  |TAMS 0x000000009e500000, 0x000000009e500000| Untracked 
| 486|0x000000009e600000, 0x000000009e600000, 0x000000009e700000|  0%| F|  |TAMS 0x000000009e600000, 0x000000009e600000| Untracked 
| 487|0x000000009e700000, 0x000000009e700000, 0x000000009e800000|  0%| F|  |TAMS 0x000000009e700000, 0x000000009e700000| Untracked 
| 488|0x000000009e800000, 0x000000009e800000, 0x000000009e900000|  0%| F|  |TAMS 0x000000009e800000, 0x000000009e800000| Untracked 
| 489|0x000000009e900000, 0x000000009e900000, 0x000000009ea00000|  0%| F|  |TAMS 0x000000009e900000, 0x000000009e900000| Untracked 
| 490|0x000000009ea00000, 0x000000009ea00000, 0x000000009eb00000|  0%| F|  |TAMS 0x000000009ea00000, 0x000000009ea00000| Untracked 
| 491|0x000000009eb00000, 0x000000009eb00000, 0x000000009ec00000|  0%| F|  |TAMS 0x000000009eb00000, 0x000000009eb00000| Untracked 
| 492|0x000000009ec00000, 0x000000009ec80030, 0x000000009ed00000| 50%| E|  |TAMS 0x000000009ec00000, 0x000000009ec00000| Complete 
| 493|0x000000009ed00000, 0x000000009ee00000, 0x000000009ee00000|100%| E|CS|TAMS 0x000000009ed00000, 0x000000009ed00000| Complete 
| 494|0x000000009ee00000, 0x000000009ef00000, 0x000000009ef00000|100%| E|CS|TAMS 0x000000009ee00000, 0x000000009ee00000| Complete 
| 495|0x000000009ef00000, 0x000000009f000000, 0x000000009f000000|100%| E|CS|TAMS 0x000000009ef00000, 0x000000009ef00000| Complete 
| 496|0x000000009f000000, 0x000000009f100000, 0x000000009f100000|100%| E|CS|TAMS 0x000000009f000000, 0x000000009f000000| Complete 
| 497|0x000000009f100000, 0x000000009f200000, 0x000000009f200000|100%| E|CS|TAMS 0x000000009f100000, 0x000000009f100000| Complete 
| 498|0x000000009f200000, 0x000000009f300000, 0x000000009f300000|100%| E|CS|TAMS 0x000000009f200000, 0x000000009f200000| Complete 
| 499|0x000000009f300000, 0x000000009f400000, 0x000000009f400000|100%| E|CS|TAMS 0x000000009f300000, 0x000000009f300000| Complete 
| 500|0x000000009f400000, 0x000000009f500000, 0x000000009f500000|100%| E|CS|TAMS 0x000000009f400000, 0x000000009f400000| Complete 
| 501|0x000000009f500000, 0x000000009f600000, 0x000000009f600000|100%| E|CS|TAMS 0x000000009f500000, 0x000000009f500000| Complete 
| 502|0x000000009f600000, 0x000000009f700000, 0x000000009f700000|100%| E|CS|TAMS 0x000000009f600000, 0x000000009f600000| Complete 
| 503|0x000000009f700000, 0x000000009f800000, 0x000000009f800000|100%| E|CS|TAMS 0x000000009f700000, 0x000000009f700000| Complete 
| 504|0x000000009f800000, 0x000000009f900000, 0x000000009f900000|100%| E|CS|TAMS 0x000000009f800000, 0x000000009f800000| Complete 
| 505|0x000000009f900000, 0x000000009fa00000, 0x000000009fa00000|100%| E|CS|TAMS 0x000000009f900000, 0x000000009f900000| Complete 
| 506|0x000000009fa00000, 0x000000009fb00000, 0x000000009fb00000|100%| E|CS|TAMS 0x000000009fa00000, 0x000000009fa00000| Complete 
| 507|0x000000009fb00000, 0x000000009fc00000, 0x000000009fc00000|100%| E|CS|TAMS 0x000000009fb00000, 0x000000009fb00000| Complete 
| 508|0x000000009fc00000, 0x000000009fd00000, 0x000000009fd00000|100%| E|CS|TAMS 0x000000009fc00000, 0x000000009fc00000| Complete 
| 509|0x000000009fd00000, 0x000000009fe00000, 0x000000009fe00000|100%| E|CS|TAMS 0x000000009fd00000, 0x000000009fd00000| Complete 
| 510|0x000000009fe00000, 0x000000009ff00000, 0x000000009ff00000|100%| E|CS|TAMS 0x000000009fe00000, 0x000000009fe00000| Complete 
| 511|0x000000009ff00000, 0x00000000a0000000, 0x00000000a0000000|100%| E|CS|TAMS 0x000000009ff00000, 0x000000009ff00000| Complete 

Card table byte_map: [0x000001f1edc30000,0x000001f1ee030000] _byte_map_base: 0x000001f1ed830000

Marking Bits (Prev, Next): (CMBitMap*) 0x000001f1d44779f0, (CMBitMap*) 0x000001f1d4477a30
 Prev Bits: [0x000001f1ee430000, 0x000001f1f0430000)
 Next Bits: [0x000001f1f0430000, 0x000001f1f2430000)

Polling page: 0x000001f1d3d80000

Metaspace:

Usage:
  Non-class:      6.82 MB used.
      Class:    905.83 KB used.
       Both:      7.70 MB used.

Virtual space:
  Non-class space:       64.00 MB reserved,       6.94 MB ( 11%) committed,  1 nodes.
      Class space:        1.00 GB reserved,     960.00 KB ( <1%) committed,  1 nodes.
             Both:        1.06 GB reserved,       7.88 MB ( <1%) committed. 

Chunk freelists:
   Non-Class:  8.05 MB
       Class:  14.88 MB
        Both:  22.92 MB

MaxMetaspaceSize: unlimited
CompressedClassSpaceSize: 1.00 GB
Initial GC threshold: 21.00 MB
Current GC threshold: 21.00 MB
CDS: on
MetaspaceReclaimPolicy: balanced
 - commit_granule_bytes: 65536.
 - commit_granule_words: 8192.
 - virtual_space_node_default_size: 8388608.
 - enlarge_chunks_in_place: 1.
 - new_chunks_are_fully_committed: 0.
 - uncommit_free_chunks: 1.
 - use_allocation_guard: 0.
 - handle_deallocations: 1.


Internal statistics:

num_allocs_failed_limit: 0.
num_arena_births: 96.
num_arena_deaths: 0.
num_vsnodes_births: 2.
num_vsnodes_deaths: 0.
num_space_committed: 126.
num_space_uncommitted: 0.
num_chunks_returned_to_freelist: 0.
num_chunks_taken_from_freelist: 376.
num_chunk_merges: 0.
num_chunk_splits: 202.
num_chunks_enlarged: 142.
num_inconsistent_stats: 0.

CodeHeap 'non-profiled nmethods': size=119168Kb used=1195Kb max_used=1195Kb free=117972Kb
 bounds [0x000001f1e4ec0000, 0x000001f1e5130000, 0x000001f1ec320000]
CodeHeap 'profiled nmethods': size=119104Kb used=5329Kb max_used=5329Kb free=113775Kb
 bounds [0x000001f1dd320000, 0x000001f1dd860000, 0x000001f1e4770000]
CodeHeap 'non-nmethods': size=7488Kb used=2859Kb max_used=2922Kb free=4628Kb
 bounds [0x000001f1e4770000, 0x000001f1e4a60000, 0x000001f1e4ec0000]
 total_blobs=2621 nmethods=2161 adapters=369
 compilation: enabled
              stopped_count=0, restarted_count=0
 full_count=0

Compilation events (20 events):
Event: 0.673 Thread 0x000001f1f5ca1590 2158       3       java.util.stream.StreamOpFlag::toCharacteristics (6 bytes)
Event: 0.673 Thread 0x000001f1f5ca0840 2160       3       java.util.stream.Streams$ConcatSpliterator::characteristics (56 bytes)
Event: 0.673 Thread 0x000001f1fd4b7e70 2164       4       java.lang.System::getSecurityManager (12 bytes)
Event: 0.673 Thread 0x000001f1f5ca1590 nmethod 2158 0x000001f1dd851110 code [0x000001f1dd8512a0, 0x000001f1dd851398]
Event: 0.673 Thread 0x000001f1f5b9b7d0 nmethod 2157 0x000001f1dd851410 code [0x000001f1dd8515a0, 0x000001f1dd851698]
Event: 0.673 Thread 0x000001f1f5ca1590 2161       3       java.util.ArrayList$Itr::next (66 bytes)
Event: 0.673 Thread 0x000001f1f5b9b7d0 2162       3       java.util.stream.Collectors$CollectorImpl::<init> (32 bytes)
Event: 0.674 Thread 0x000001f1f5ca0840 nmethod 2160 0x000001f1dd851710 code [0x000001f1dd8518e0, 0x000001f1dd851d28]
Event: 0.674 Thread 0x000001f1fb0e40a0 2165       4       java.util.HashMap::isEmpty (13 bytes)
Event: 0.674 Thread 0x000001f1f5ca0840 2163       3       org.junit.jupiter.engine.extension.MutableExtensionRegistry::$jacocoInit (53 bytes)
Event: 0.674 Thread 0x000001f1f5c437b0 nmethod 2156 0x000001f1dd851e90 code [0x000001f1dd852080, 0x000001f1dd852748]
Event: 0.674 Thread 0x000001f1f5c437b0 2159       1       java.util.stream.Streams$AbstractStreamBuilderImpl::characteristics (4 bytes)
Event: 0.674 Thread 0x000001f1f5b9b7d0 nmethod 2162 0x000001f1dd852910 code [0x000001f1dd852ac0, 0x000001f1dd852df8]
Event: 0.674 Thread 0x000001f1f5ca1590 nmethod 2161 0x000001f1dd852e90 code [0x000001f1dd853080, 0x000001f1dd8534a8]
Event: 0.674 Thread 0x000001f1f5c437b0 nmethod 2159 0x000001f1e4fe9510 code [0x000001f1e4fe96a0, 0x000001f1e4fe9778]
Event: 0.674 Thread 0x000001f1f5ca0840 nmethod 2163 0x000001f1dd853690 code [0x000001f1dd8538a0, 0x000001f1dd854238]
Event: 0.674 Thread 0x000001f1fd4b7e70 nmethod 2164 0x000001f1e4fe9810 code [0x000001f1e4fe9980, 0x000001f1e4fe99f8]
Event: 0.674 Thread 0x000001f1fb0e40a0 nmethod 2165 0x000001f1e4fe9b10 code [0x000001f1e4fe9c80, 0x000001f1e4fe9d18]
Event: 0.675 Thread 0x000001f1f5cdb370 nmethod 2155 0x000001f1e4fe9e10 code [0x000001f1e4fe9fa0, 0x000001f1e4fea258]
Event: 0.675 Thread 0x000001f1fa51cc10 nmethod 2123 0x000001f1e4fea390 code [0x000001f1e4fea540, 0x000001f1e4feaa38]

GC Heap History (4 events):
Event: 0.187 GC heap before
{Heap before GC invocations=0 (full 0):
 garbage-first heap   total 524288K, used 25600K [0x0000000080000000, 0x0000000100000000)
  region size 1024K, 25 young (25600K), 0 survivors (0K)
 Metaspace       used 3452K, committed 3584K, reserved 1114112K
  class space    used 321K, committed 384K, reserved 1048576K
}
Event: 0.189 GC heap after
{Heap after GC invocations=1 (full 0):
 garbage-first heap   total 524288K, used 2793K [0x0000000080000000, 0x0000000100000000)
  region size 1024K, 3 young (3072K), 3 survivors (3072K)
 Metaspace       used 3452K, committed 3584K, reserved 1114112K
  class space    used 321K, committed 384K, reserved 1048576K
}
Event: 0.499 GC heap before
{Heap before GC invocations=1 (full 0):
 garbage-first heap   total 524288K, used 38633K [0x0000000080000000, 0x0000000100000000)
  region size 1024K, 38 young (38912K), 3 survivors (3072K)
 Metaspace       used 6095K, committed 6272K, reserved 1114112K
  class space    used 650K, committed 704K, reserved 1048576K
}
Event: 0.501 GC heap after
{Heap after GC invocations=2 (full 0):
 garbage-first heap   total 524288K, used 4016K [0x0000000080000000, 0x0000000100000000)
  region size 1024K, 4 young (4096K), 4 survivors (4096K)
 Metaspace       used 6095K, committed 6272K, reserved 1114112K
  class space    used 650K, committed 704K, reserved 1048576K
}

Deoptimization events (20 events):
Event: 0.651 Thread 0x000001f1d4414130 Uncommon trap: trap_request=0xffffff45 fr.pc=0x000001f1e4efa36c relative=0x000000000000118c
Event: 0.651 Thread 0x000001f1d4414130 Uncommon trap: reason=unstable_if action=reinterpret pc=0x000001f1e4efa36c method=org.jacoco.agent.rt.internal_b6258fc.asm.ByteVector.putUTF8(Ljava/lang/String;)Lorg/jacoco/agent/rt/internal_b6258fc/asm/ByteVector; @ 36 c2
Event: 0.651 Thread 0x000001f1d4414130 DEOPT PACKING pc=0x000001f1e4efa36c sp=0x00000022e9ff6060
Event: 0.651 Thread 0x000001f1d4414130 DEOPT UNPACKING pc=0x000001f1e47c23a3 sp=0x00000022e9ff5f98 mode 2
Event: 0.652 Thread 0x000001f1d4414130 Uncommon trap: trap_request=0xffffff45 fr.pc=0x000001f1e4f29e70 relative=0x0000000000001910
Event: 0.652 Thread 0x000001f1d4414130 Uncommon trap: reason=unstable_if action=reinterpret pc=0x000001f1e4f29e70 method=org.jacoco.agent.rt.internal_b6258fc.asm.Frame.getAbstractTypeFromDescriptor(Lorg/jacoco/agent/rt/internal_b6258fc/asm/SymbolTable;Ljava/lang/String;I)I @ 5 c2
Event: 0.652 Thread 0x000001f1d4414130 DEOPT PACKING pc=0x000001f1e4f29e70 sp=0x00000022e9ff8d90
Event: 0.652 Thread 0x000001f1d4414130 DEOPT UNPACKING pc=0x000001f1e47c23a3 sp=0x00000022e9ff8d60 mode 2
Event: 0.652 Thread 0x000001f1d4414130 Uncommon trap: trap_request=0xffffff45 fr.pc=0x000001f1e4fc3b68 relative=0x00000000000063c8
Event: 0.652 Thread 0x000001f1d4414130 Uncommon trap: reason=unstable_if action=reinterpret pc=0x000001f1e4fc3b68 method=org.jacoco.agent.rt.internal_b6258fc.asm.commons.AnalyzerAdapter.execute(IILjava/lang/String;)V @ 39 c2
Event: 0.652 Thread 0x000001f1d4414130 DEOPT PACKING pc=0x000001f1e4fc3b68 sp=0x00000022e9ff9080
Event: 0.652 Thread 0x000001f1d4414130 DEOPT UNPACKING pc=0x000001f1e47c23a3 sp=0x00000022e9ff9040 mode 2
Event: 0.665 Thread 0x000001f1d4414130 Uncommon trap: trap_request=0xffffffcc fr.pc=0x000001f1e4f73e04 relative=0x00000000000001e4
Event: 0.665 Thread 0x000001f1d4414130 Uncommon trap: reason=intrinsic_or_type_checked_inlining action=make_not_entrant pc=0x000001f1e4f73e04 method=java.util.Arrays.copyOf([Ljava/lang/Object;ILjava/lang/Class;)[Ljava/lang/Object; @ 35 c2
Event: 0.665 Thread 0x000001f1d4414130 DEOPT PACKING pc=0x000001f1e4f73e04 sp=0x00000022e9ffd620
Event: 0.665 Thread 0x000001f1d4414130 DEOPT UNPACKING pc=0x000001f1e47c23a3 sp=0x00000022e9ffd5c8 mode 2
Event: 0.672 Thread 0x000001f1d4414130 Uncommon trap: trap_request=0xffffffde fr.pc=0x000001f1e4fccca4 relative=0x0000000000000e84
Event: 0.672 Thread 0x000001f1d4414130 Uncommon trap: reason=class_check action=maybe_recompile pc=0x000001f1e4fccca4 method=java.util.concurrent.ConcurrentHashMap.putVal(Ljava/lang/Object;Ljava/lang/Object;Z)Ljava/lang/Object; @ 242 c2
Event: 0.672 Thread 0x000001f1d4414130 DEOPT PACKING pc=0x000001f1e4fccca4 sp=0x00000022e9ffc740
Event: 0.672 Thread 0x000001f1d4414130 DEOPT UNPACKING pc=0x000001f1e47c23a3 sp=0x00000022e9ffc6b0 mode 2

Classes unloaded (0 events):
No events

Classes redefined (0 events):
No events

Internal exceptions (20 events):
Event: 0.460 Thread 0x000001f1d4414130 Exception <a 'java/lang/IncompatibleClassChangeError'{0x000000009dce4910}: Found class java.lang.Object, but interface was expected> (0x000000009dce4910) 
thrown [s\open\src\hotspot\share\interpreter\linkResolver.cpp, line 826]
Event: 0.470 Thread 0x000001f1d4414130 Exception <a 'java/lang/IncompatibleClassChangeError'{0x000000009db73590}: Found class java.lang.Object, but interface was expected> (0x000000009db73590) 
thrown [s\open\src\hotspot\share\interpreter\linkResolver.cpp, line 826]
Event: 0.475 Thread 0x000001f1d4414130 Exception <a 'java/lang/NoSuchMethodError'{0x000000009dba8fd0}: 'java.lang.Object java.lang.invoke.DirectMethodHandle$Holder.invokeStatic(java.lang.Object, java.lang.Object, int)'> (0x000000009dba8fd0) 
thrown [s\open\src\hotspot\share\interpreter\linkResolver.cpp, line 759]
Event: 0.487 Thread 0x000001f1d4414130 Exception <a 'java/lang/NoSuchMethodError'{0x000000009da400e8}: 'void java.lang.invoke.DirectMethodHandle$Holder.invokeSpecial(java.lang.Object, java.lang.Object, java.lang.Object, java.lang.Object, java.lang.Object)'> (0x000000009da400e8) 
thrown [s\open\src\hotspot\share\interpreter\linkResolver.cpp, line 759]
Event: 0.516 Thread 0x000001f1d4414130 Exception <a 'java/lang/NoSuchMethodError'{0x000000009fd23ce0}: 'void java.lang.invoke.DirectMethodHandle$Holder.invokeInterface(java.lang.Object, java.lang.Object, java.lang.Object, java.lang.Object)'> (0x000000009fd23ce0) 
thrown [s\open\src\hotspot\share\interpreter\linkResolver.cpp, line 759]
Event: 0.516 Thread 0x000001f1d4414130 Exception <a 'java/lang/IncompatibleClassChangeError'{0x000000009fd27168}: Found class java.lang.Object, but interface was expected> (0x000000009fd27168) 
thrown [s\open\src\hotspot\share\interpreter\linkResolver.cpp, line 826]
Event: 0.533 Thread 0x000001f1d4414130 Exception <a 'java/lang/NoSuchMethodError'{0x000000009fb82500}: 'int java.lang.invoke.DirectMethodHandle$Holder.invokeStatic(java.lang.Object, java.lang.Object, java.lang.Object, java.lang.Object)'> (0x000000009fb82500) 
thrown [s\open\src\hotspot\share\interpreter\linkResolver.cpp, line 759]
Event: 0.534 Thread 0x000001f1d4414130 Exception <a 'java/lang/NoSuchMethodError'{0x000000009fb85e80}: 'java.lang.Object java.lang.invoke.Invokers$Holder.invokeExact_MT(java.lang.Object, java.lang.Object, java.lang.Object, java.lang.Object, java.lang.Object, java.lang.Object)'> (0x000000009fb85e80) 
thrown [s\open\src\hotspot\share\interpreter\linkResolver.cpp, line 759]
Event: 0.535 Thread 0x000001f1d4414130 Exception <a 'java/lang/NoSuchMethodError'{0x000000009fb960b8}: 'int java.lang.invoke.DirectMethodHandle$Holder.invokeStatic(java.lang.Object, java.lang.Object, java.lang.Object, java.lang.Object, java.lang.Object)'> (0x000000009fb960b8) 
thrown [s\open\src\hotspot\share\interpreter\linkResolver.cpp, line 759]
Event: 0.545 Thread 0x000001f1d4414130 Exception <a 'java/lang/NoSuchMethodError'{0x000000009fa69d40}: 'void java.lang.invoke.DirectMethodHandle$Holder.invokeStaticInit(java.lang.Object)'> (0x000000009fa69d40) 
thrown [s\open\src\hotspot\share\interpreter\linkResolver.cpp, line 759]
Event: 0.564 Thread 0x000001f1d4414130 Exception <a 'java/lang/NoSuchMethodError'{0x000000009f7575e8}: 'void java.lang.invoke.DirectMethodHandle$Holder.invokeStaticInit(java.lang.Object, java.lang.Object, java.lang.Object, java.lang.Object)'> (0x000000009f7575e8) 
thrown [s\open\src\hotspot\share\interpreter\linkResolver.cpp, line 759]
Event: 0.583 Thread 0x000001f1d4414130 Exception <a 'java/lang/NoSuchMethodError'{0x000000009f67ec78}: 'int java.lang.invoke.DirectMethodHandle$Holder.invokeStaticInit(java.lang.Object, java.lang.Object)'> (0x000000009f67ec78) 
thrown [s\open\src\hotspot\share\interpreter\linkResolver.cpp, line 759]
Event: 0.625 Thread 0x000001f1d4414130 Exception <a 'java/lang/NoSuchMethodError'{0x000000009f325770}: 'void java.lang.invoke.DirectMethodHandle$Holder.invokeStatic(java.lang.Object, java.lang.Object)'> (0x000000009f325770) 
thrown [s\open\src\hotspot\share\interpreter\linkResolver.cpp, line 759]
Event: 0.632 Thread 0x000001f1d4414130 Exception <a 'java/lang/NoSuchMethodError'{0x000000009f3bf178}: 'java.lang.Object java.lang.invoke.DirectMethodHandle$Holder.newInvokeSpecial(java.lang.Object, java.lang.Object, java.lang.Object, java.lang.Object, java.lang.Object, java.lang.Object, java.lang.Object)'> (0x000000009f3bf178) 
thrown [s\open\src\hotspot\share\interpreter\linkResolver.cpp, line 759]
Event: 0.632 Thread 0x000001f1d4414130 Exception <a 'java/lang/NoSuchMethodError'{0x000000009f3c3d30}: 'java.lang.Object java.lang.invoke.Invokers$Holder.linkToTargetMethod(java.lang.Object, java.lang.Object, java.lang.Object, java.lang.Object, java.lang.Object, java.lang.Object, java.lang.Object)'> (0x000000009f3c3d30) 
thrown [s\open\src\hotspot\share\interpreter\linkResolver.cpp, line 759]
Event: 0.633 Thread 0x000001f1d4414130 Exception <a 'java/lang/NoSuchMethodError'{0x000000009f3df398}: 'java.lang.Object java.lang.invoke.DirectMethodHandle$Holder.invokeInterface(java.lang.Object, java.lang.Object, java.lang.Object, java.lang.Object, java.lang.Object)'> (0x000000009f3df398) 
thrown [s\open\src\hotspot\share\interpreter\linkResolver.cpp, line 759]
Event: 0.633 Thread 0x000001f1d4414130 Exception <a 'java/lang/IncompatibleClassChangeError'{0x000000009f3e3190}: Found class java.lang.Object, but interface was expected> (0x000000009f3e3190) 
thrown [s\open\src\hotspot\share\interpreter\linkResolver.cpp, line 826]
Event: 0.653 Thread 0x000001f1d4414130 Exception <a 'java/lang/reflect/InvocationTargetException'{0x000000009effc018}> (0x000000009effc018) 
thrown [s\open\src\hotspot\share\runtime\reflection.cpp, line 1121]
Event: 0.672 Thread 0x000001f1d4414130 Exception <a 'java/lang/reflect/InvocationTargetException'{0x000000009eda5278}> (0x000000009eda5278) 
thrown [s\open\src\hotspot\share\runtime\reflection.cpp, line 1121]
Event: 0.674 Thread 0x000001f1d4414130 Implicit null exception at 0x000001f1e4ecda6a to 0x0000000000000000

VM Operations (20 events):
Event: 0.149 Executing VM operation: HandshakeAllThreads
Event: 0.149 Executing VM operation: HandshakeAllThreads done
Event: 0.176 Executing VM operation: ICBufferFull
Event: 0.176 Executing VM operation: ICBufferFull done
Event: 0.187 Executing VM operation: G1CollectForAllocation
Event: 0.189 Executing VM operation: G1CollectForAllocation done
Event: 0.199 Executing VM operation: HandshakeAllThreads
Event: 0.199 Executing VM operation: HandshakeAllThreads done
Event: 0.263 Executing VM operation: HandshakeAllThreads
Event: 0.263 Executing VM operation: HandshakeAllThreads done
Event: 0.319 Executing VM operation: ICBufferFull
Event: 0.319 Executing VM operation: ICBufferFull done
Event: 0.391 Executing VM operation: HandshakeAllThreads
Event: 0.391 Executing VM operation: HandshakeAllThreads done
Event: 0.499 Executing VM operation: G1CollectForAllocation
Event: 0.501 Executing VM operation: G1CollectForAllocation done
Event: 0.636 Executing VM operation: HandshakeAllThreads
Event: 0.636 Executing VM operation: HandshakeAllThreads done
Event: 0.671 Executing VM operation: HandshakeAllThreads
Event: 0.672 Executing VM operation: HandshakeAllThreads done

Events (20 events):
Event: 0.664 loading class java/util/AbstractList$SubList done
Event: 0.664 loading class java/util/AbstractList$RandomAccessSubList done
Event: 0.664 loading class java/util/AbstractList$SubList$1
Event: 0.664 loading class java/util/AbstractList$SubList$1 done
Event: 0.664 loading class java/util/AbstractList$ListItr
Event: 0.664 loading class java/util/AbstractList$Itr
Event: 0.664 loading class java/util/AbstractList$Itr done
Event: 0.665 loading class java/util/AbstractList$ListItr done
Event: 0.669 loading class java/io/PrintWriter
Event: 0.669 loading class java/io/PrintWriter done
Event: 0.669 loading class java/lang/Throwable$WrappedPrintWriter
Event: 0.669 loading class java/lang/Throwable$PrintStreamOrWriter
Event: 0.669 loading class java/lang/Throwable$PrintStreamOrWriter done
Event: 0.669 loading class java/lang/Throwable$WrappedPrintWriter done
Event: 0.671 loading class java/io/ObjectStreamClass$ExceptionInfo
Event: 0.671 loading class java/io/ObjectStreamClass$ExceptionInfo done
Event: 0.671 loading class java/io/ObjectStreamClass$ClassDataSlot
Event: 0.671 loading class java/io/ObjectStreamClass$ClassDataSlot done
Event: 0.671 loading class java/io/ObjectStreamClass$DeserializationConstructorsCache
Event: 0.671 loading class java/io/ObjectStreamClass$DeserializationConstructorsCache done


Dynamic libraries:
0x00007ff67d680000 - 0x00007ff67d690000 	D:\wn\jdk17.0.19\bin\java.exe
0x00007ffa6c660000 - 0x00007ffa6c8c6000 	C:\Windows\SYSTEM32\ntdll.dll
0x00007ffa6bd00000 - 0x00007ffa6bdc9000 	C:\Windows\System32\KERNEL32.DLL
0x00007ffa69b20000 - 0x00007ffa69f1f000 	C:\Windows\System32\KERNELBASE.dll
0x00007ffa6a170000 - 0x00007ffa6a2bc000 	C:\Windows\System32\ucrtbase.dll
0x00007ffa63bd0000 - 0x00007ffa63be9000 	D:\wn\jdk17.0.19\bin\jli.dll
0x00007ffa63bb0000 - 0x00007ffa63bce000 	D:\wn\jdk17.0.19\bin\VCRUNTIME140.dll
0x00007ffa6c490000 - 0x00007ffa6c54c000 	C:\Windows\System32\ADVAPI32.dll
0x00007ffa6bef0000 - 0x00007ffa6bf99000 	C:\Windows\System32\msvcrt.dll
0x00007ffa6a750000 - 0x00007ffa6a7fa000 	C:\Windows\System32\sechost.dll
0x00007ffa6b2b0000 - 0x00007ffa6b3c8000 	C:\Windows\System32\RPCRT4.dll
0x00007ffa6a500000 - 0x00007ffa6a6c6000 	C:\Windows\System32\USER32.dll
0x00007ffa68ad0000 - 0x00007ffa68d61000 	C:\Windows\WinSxS\amd64_microsoft.windows.common-controls_6595b64144ccf1df_6.0.26100.8972_none_3e0da176e32f9d4b\COMCTL32.dll
0x00007ffa69a60000 - 0x00007ffa69a87000 	C:\Windows\System32\win32u.dll
0x00007ffa6c5f0000 - 0x00007ffa6c61b000 	C:\Windows\System32\GDI32.dll
0x00007ffa69870000 - 0x00007ffa69999000 	C:\Windows\System32\gdi32full.dll
0x00007ffa67e30000 - 0x00007ffa67e3b000 	C:\Windows\SYSTEM32\VERSION.dll
0x00007ffa69f30000 - 0x00007ffa69fd3000 	C:\Windows\System32\msvcp_win.dll
0x00007ffa6c450000 - 0x00007ffa6c482000 	C:\Windows\System32\IMM32.DLL
0x00007ffa63ba0000 - 0x00007ffa63bac000 	D:\wn\jdk17.0.19\bin\vcruntime140_1.dll
0x00007ffa4e3c0000 - 0x00007ffa4e44d000 	D:\wn\jdk17.0.19\bin\msvcp140.dll
0x00007ff9c4fe0000 - 0x00007ff9c5bc5000 	D:\wn\jdk17.0.19\bin\server\jvm.dll
0x00007ffa6c440000 - 0x00007ffa6c448000 	C:\Windows\System32\PSAPI.DLL
0x00007ffa46ad0000 - 0x00007ffa46ada000 	C:\Windows\SYSTEM32\WSOCK32.dll
0x00007ffa5a7d0000 - 0x00007ffa5a806000 	C:\Windows\SYSTEM32\WINMM.dll
0x00007ffa6bdd0000 - 0x00007ffa6be52000 	C:\Windows\System32\WS2_32.dll
0x00007ffa68020000 - 0x00007ffa6803b000 	C:\Windows\SYSTEM32\kernel.appcore.dll
0x00007ffa63b60000 - 0x00007ffa63b6a000 	D:\wn\jdk17.0.19\bin\jimage.dll
0x00007ffa69120000 - 0x00007ffa69362000 	C:\Windows\SYSTEM32\DBGHELP.DLL
0x00007ffa6c0b0000 - 0x00007ffa6c435000 	C:\Windows\System32\combase.dll
0x00007ffa6b1c0000 - 0x00007ffa6b299000 	C:\Windows\System32\OLEAUT32.dll
0x00007ffa68fa0000 - 0x00007ffa68fdb000 	C:\Windows\SYSTEM32\dbgcore.DLL
0x00007ffa699a0000 - 0x00007ffa69a4c000 	C:\Windows\System32\bcryptPrimitives.dll
0x00007ffa61110000 - 0x00007ffa6111f000 	D:\wn\jdk17.0.19\bin\instrument.dll
0x00007ffa63b30000 - 0x00007ffa63b56000 	D:\wn\jdk17.0.19\bin\java.dll
0x00007ff9ebc70000 - 0x00007ff9ebd47000 	D:\wn\jdk17.0.19\bin\jsvml.dll
0x00007ffa6a810000 - 0x00007ffa6af98000 	C:\Windows\System32\SHELL32.dll
0x00007ffa66310000 - 0x00007ffa66bab000 	C:\Windows\SYSTEM32\windows.storage.dll
0x00007ffa6bc00000 - 0x00007ffa6bcf9000 	C:\Windows\System32\SHCORE.dll
0x00007ffa6b4d0000 - 0x00007ffa6b536000 	C:\Windows\System32\shlwapi.dll
0x00007ffa69790000 - 0x00007ffa697b9000 	C:\Windows\SYSTEM32\profapi.dll
0x00007ffa4e380000 - 0x00007ffa4e398000 	D:\wn\jdk17.0.19\bin\zip.dll
0x00007ffa61120000 - 0x00007ffa6113b000 	D:\wn\jdk17.0.19\bin\net.dll
0x00007ffa5b830000 - 0x00007ffa5b958000 	C:\Windows\SYSTEM32\WINHTTP.dll
0x00007ffa67a10000 - 0x00007ffa67a7c000 	C:\Windows\system32\mswsock.dll
0x00007ffa4e3a0000 - 0x00007ffa4e3b6000 	D:\wn\jdk17.0.19\bin\nio.dll
0x00007ffa63b20000 - 0x00007ffa63b30000 	D:\wn\jdk17.0.19\bin\verify.dll
0x00007ffa3a230000 - 0x00007ffa3a248000 	C:\Windows\system32\napinsp.dll
0x00007ffa66fd0000 - 0x00007ffa67128000 	C:\Windows\SYSTEM32\DNSAPI.dll
0x00007ffa677c0000 - 0x00007ffa677cd000 	C:\Windows\SYSTEM32\DSPARSE.dll
0x00007ffa66f90000 - 0x00007ffa66fc3000 	C:\Windows\SYSTEM32\IPHLPAPI.DLL
0x00007ffa6a800000 - 0x00007ffa6a80a000 	C:\Windows\System32\NSI.dll
0x00007ffa3a210000 - 0x00007ffa3a223000 	C:\Windows\System32\winrnr.dll
0x00007ffa3a1e0000 - 0x00007ffa3a202000 	C:\Windows\system32\nlansp_c.dll
0x00007ffa61150000 - 0x00007ffa61166000 	C:\Windows\system32\wshbth.dll
0x00007ffa68040000 - 0x00007ffa6804b000 	C:\Windows\System32\rasadhlp.dll
0x00007ffa5b480000 - 0x00007ffa5b506000 	C:\Windows\System32\fwpuclnt.dll
0x00007ffa4e370000 - 0x00007ffa4e37a000 	D:\wn\jdk17.0.19\bin\management.dll
0x00007ffa4e360000 - 0x00007ffa4e36c000 	D:\wn\jdk17.0.19\bin\management_ext.dll

dbghelp: loaded successfully - version: 4.0.5 - missing functions: none
symbol engine: initialized successfully - sym options: 0x614 - pdb path: .;D:\wn\jdk17.0.19\bin;C:\Windows\SYSTEM32;C:\Windows\WinSxS\amd64_microsoft.windows.common-controls_6595b64144ccf1df_6.0.26100.8972_none_3e0da176e32f9d4b;D:\wn\jdk17.0.19\bin\server

VM Arguments:
jvm_args: -javaagent:D:\\wn\\multi_evo_py\\My_Mutil_Agent\\My_Mutil_Agent\\java_workspace\\.m2\\repository\\org\\jacoco\\org.jacoco.agent\\0.8.8\\org.jacoco.agent-0.8.8-runtime.jar=destfile=D:\\wn\\multi_evo_py\\My_Mutil_Agent\\My_Mutil_Agent\\java_workspace\\target\\jacoco.exec -Dfile.encoding=UTF-8 -Xmx2048m -Xms512m 
java_command: C:\Users\VR_admin\AppData\Local\Temp\surefire6773605977536573413\surefirebooter-20260829164445385_3.jar C:\Users\VR_admin\AppData\Local\Temp\surefire6773605977536573413 2026-08-29T16-44-45_195-jvmRun1 surefire-20260829164445385_1tmp surefire_0-20260829164445385_2tmp
java_class_path (initial): C:\Users\VR_admin\AppData\Local\Temp\surefire6773605977536573413\surefirebooter-20260829164445385_3.jar
Launcher Type: SUN_STANDARD

[Global flags]
     intx CICompilerCount                          = 12                                        {product} {ergonomic}
     uint ConcGCThreads                            = 5                                         {product} {ergonomic}
     uint G1ConcRefinementThreads                  = 18                                        {product} {ergonomic}
   size_t G1HeapRegionSize                         = 1048576                                   {product} {ergonomic}
    uintx GCDrainStackTargetSize                   = 64                                        {product} {ergonomic}
   size_t InitialHeapSize                          = 536870912                                 {product} {command line}
   size_t MarkStackSize                            = 4194304                                   {product} {ergonomic}
   size_t MaxHeapSize                              = 2147483648                                {product} {command line}
   size_t MaxNewSize                               = 1287651328                                {product} {ergonomic}
   size_t MinHeapDeltaBytes                        = 1048576                                   {product} {ergonomic}
   size_t MinHeapSize                              = 536870912                                 {product} {command line}
    uintx NonNMethodCodeHeapSize                   = 7602480                                {pd product} {ergonomic}
    uintx NonProfiledCodeHeapSize                  = 122027880                              {pd product} {ergonomic}
    uintx ProfiledCodeHeapSize                     = 122027880                              {pd product} {ergonomic}
    uintx ReservedCodeCacheSize                    = 251658240                              {pd product} {ergonomic}
     bool SegmentedCodeCache                       = true                                      {product} {ergonomic}
   size_t SoftMaxHeapSize                          = 2147483648                             {manageable} {ergonomic}
     bool UseCompressedClassPointers               = true                           {product lp64_product} {ergonomic}
     bool UseCompressedOops                        = true                           {product lp64_product} {ergonomic}
     bool UseG1GC                                  = true                                      {product} {ergonomic}
     bool UseLargePagesIndividualAllocation        = false                                  {pd product} {ergonomic}

Logging:
Log output configuration:
 #0: stdout all=warning uptime,level,tags
 #1: stderr all=off uptime,level,tags

Environment Variables:
JAVA_HOME=D:\wn\jdk17.0.19
PATH=D:\wn\yenana\Scripts;D:\Anaconda3\condabin;D:\wn\jdk17.0.19\bin;C:\Program Files\Common Files\Oracle\Java\javapath;C:\Program Files\NVIDIA GPU Computing Toolkit\CUDA\v12.8\bin;C:\Program Files\NVIDIA GPU Computing Toolkit\CUDA\v12.8\libnvvp;D:\CUDA toolkit\root\bin;D:\CUDA toolkit\root\libnvvp;C:\Program Files\OpenSSH-Win64;C:\Windows\system32;C:\Windows;C:\Windows\System32\Wbem;C:\Windows\System32\WindowsPowerShell\v1.0;C:\Windows\System32\OpenSSH;C:\Program Files\NVIDIA Corporation\NVIDIA App\NvDLISR;C:\Program Files (x86)\NVIDIA Corporation\PhysX\Common;D:\Anaconda3;D:\Anaconda3\Scripts;D:\Anaconda3\Library\bin;C:\Program Files\NVIDIA Corporation\Nsight Compute 2025.1.0;D:\wn\mavenEvo\apache-maven-3.9.1\bin;C:\Users\VR_admin\.local\bin;C:\Users\VR_admin\AppData\Local\Microsoft\WindowsApps;D:\Microsoft VS Code\bin;D:\Pycharm\PyCharm 2024.3.6.1\bin;.;C:\Users\VR_admin\AppData\Roaming\npm;C:\Users\VR_admin\AppData\Local\Programs\Ollama;.
USERNAME=VR_admin
OS=Windows_NT
PROCESSOR_IDENTIFIER=Intel64 Family 6 Model 198 Stepping 2, GenuineIntel



---------------  S Y S T E M  ---------------

OS:
 Windows 11 , 64 bit Build 26100 (10.0.26100.9168)
OS uptime: 0 days 4:01 hours
Hyper-V role detected

CPU: total 24 (initial active 24) (24 cores per cpu, 1 threads per core) family 6 model 198 stepping 2 microcode 0x121, cx8, cmov, fxsr, mmx, 3dnowpref, sse, sse2, sse3, ssse3, sse4.1, sse4.2, popcnt, lzcnt, tsc, tscinvbit, avx, avx2, aes, erms, clmul, bmi1, bmi2, adx, sha, fma, vzeroupper, clflush, clflushopt, clwb, hv

Memory: 4k page, system-wide physical 64891M (37225M free)
TotalPageFile size 118139M (AvailPageFile size 70338M)
current process WorkingSet (physical memory assigned to process): 162M, peak: 165M
current process commit charge ("private bytes"): 707M, peak: 711M

vm_info: Java HotSpot(TM) 64-Bit Server VM (17.0.19+9-LTS-183) for windows-amd64 JRE (17.0.19+9-LTS-183), built on Mar 11 2026 01:59:45 by "mach5run" with MS VC++ 17.13 (VS2022)

END.
